Price,Close,High,Low,Open,Volume
Ticker,ATOM-USD,ATOM-USD,ATOM-USD,ATOM-USD,ATOM-USD
Date,,,,,
2023-01-01,9.464468955993652,9.466991424560547,9.311785697937012,9.34875202178955,61685236
2023-01-02,9.802421569824219,9.989846229553223,9.39647388458252,9.464736938476562,134288652
2023-01-03,10.16102123260498,10.251814842224121,9.772177696228027,9.803533554077148,162694348
2023-01-04,10.198363304138184,10.39743423461914,10.077815055847168,10.160968780517578,148918469
2023-01-05,10.076512336730957,10.217549324035645,10.001822471618652,10.198057174682617,94583842
2023-01-06,10.250513076782227,10.264664649963379,9.927339553833008,10.076297760009766,108473813
2023-01-07,10.194783210754395,10.350284576416016,10.150192260742188,10.248835563659668,73327102
2023-01-08,10.538479804992676,10.547014236450195,10.021463394165039,10.193961143493652,112449736
2023-01-09,11.126632690429688,11.457268714904785,10.537824630737305,10.538294792175293,259615448
2023-01-10,11.328780174255371,11.335260391235352,10.911909103393555,11.125969886779785,136492712
2023-01-11,11.834737777709961,11.834737777709961,11.077513694763184,11.328449249267578,141586327
2023-01-12,12.274691581726074,12.330418586730957,11.616142272949219,11.86213207244873,215548112
2023-01-13,12.399483680725098,12.489931106567383,11.939908981323242,12.274157524108887,172487180
2023-01-14,12.894696235656738,13.375964164733887,12.286011695861816,12.399731636047363,348052352
2023-01-15,12.79348087310791,13.023783683776855,12.399553298950195,12.89686107635498,170595823
2023-01-16,12.331189155578613,13.013293266296387,12.093262672424316,12.79289722442627,208456271
2023-01-17,12.175999641418457,12.602213859558105,12.130602836608887,12.331340789794922,168126921
2023-01-18,11.568391799926758,12.508031845092773,11.469263076782227,12.176447868347168,194175904
2023-01-19,12.027596473693848,12.08218002319336,11.5562744140625,11.565444946289062,124917793
2023-01-20,13.168039321899414,13.23196792602539,11.95776081085205,12.026640892028809,201580345
2023-01-21,13.100452423095703,13.546616554260254,12.94775104522705,13.176215171813965,233680831
2023-01-22,13.311491012573242,13.682474136352539,12.851362228393555,13.099786758422852,248520533
2023-01-23,13.095694541931152,13.54508113861084,12.90764045715332,13.314024925231934,187852448
2023-01-24,12.45215129852295,13.36068344116211,12.392782211303711,13.090166091918945,162439190
2023-01-25,13.5701322555542,13.689087867736816,12.177751541137695,12.453070640563965,264111555
2023-01-26,13.113637924194336,13.623612403869629,12.889739036560059,13.565176963806152,233476211
2023-01-27,13.513527870178223,13.53841781616211,12.763023376464844,13.11361312866211,193594987
2023-01-28,13.206392288208008,13.853696823120117,13.069939613342285,13.517510414123535,180805749
2023-01-29,13.819515228271484,13.915818214416504,13.050597190856934,13.206184387207031,191100322
2023-01-30,13.056947708129883,13.964012145996094,12.8829927444458,13.82073974609375,207022253
2023-01-31,13.379324913024902,13.450020790100098,13.055086135864258,13.056929588317871,152355326
2023-02-01,14.868429183959961,14.870935440063477,13.303424835205078,13.37662124633789,447489971
2023-02-02,14.363241195678711,15.130495071411133,14.313403129577637,14.86963939666748,293709418
2023-02-03,14.996406555175781,15.364429473876953,14.361396789550781,14.361396789550781,259128428
2023-02-04,14.679261207580566,15.062573432922363,14.6628999710083,14.995675086975098,147945086
2023-02-05,14.754555702209473,14.757824897766113,14.179342269897461,14.677968978881836,201149659
2023-02-06,14.142922401428223,14.84929084777832,14.051817893981934,14.754781723022461,171817970
2023-02-07,14.957318305969238,14.969500541687012,14.134491920471191,14.140915870666504,224155768
2023-02-08,15.146100997924805,15.337681770324707,14.634076118469238,14.955390930175781,264476464
2023-02-09,13.50214958190918,15.264942169189453,13.373101234436035,15.148699760437012,309854461
2023-02-10,13.709134101867676,13.979784965515137,13.465073585510254,13.501991271972656,208153146
2023-02-11,13.758606910705566,13.770383834838867,13.449418067932129,13.711119651794434,119502217
2023-02-12,13.537372589111328,13.938952445983887,13.441045761108398,13.758272171020508,125184878
2023-02-13,13.140862464904785,13.540131568908691,12.722890853881836,13.536521911621094,189073702
2023-02-14,13.410723686218262,13.548969268798828,12.988238334655762,13.138445854187012,192633504
2023-02-15,14.27304744720459,14.27304744720459,13.256542205810547,13.410432815551758,192241934
2023-02-16,13.421860694885254,14.373573303222656,13.413128852844238,14.27341079711914,254438860
2023-02-17,14.195249557495117,14.30835247039795,13.374265670776367,13.423042297363281,190973809
2023-02-18,14.301520347595215,14.44714069366455,13.947226524353027,14.19295883178711,160827464
2023-02-19,14.134859085083008,14.758519172668457,14.039446830749512,14.300392150878906,232159890
2023-02-20,14.41075611114502,14.571429252624512,13.90308666229248,14.141706466674805,185517230
2023-02-21,13.866470336914062,14.598684310913086,13.664633750915527,14.411600112915039,182038934
2023-02-22,13.58872127532959,13.977529525756836,13.245865821838379,13.866273880004883,159283583
2023-02-23,13.729288101196289,13.895723342895508,13.497222900390625,13.589109420776367,125281579
2023-02-24,13.08251667022705,13.83505630493164,12.926789283752441,13.728499412536621,149849766
2023-02-25,12.835000038146973,13.180184364318848,12.515705108642578,13.082841873168945,132616724
2023-02-26,12.971450805664062,13.089991569519043,12.77897834777832,12.83396053314209,97899085
2023-02-27,12.783857345581055,13.082642555236816,12.621859550476074,12.970977783203125,108574250
2023-02-28,12.264472007751465,12.794894218444824,12.160118103027344,12.784584999084473,111993712
2023-03-01,12.771040916442871,12.907955169677734,12.248543739318848,12.265145301818848,123044842
2023-03-02,12.450935363769531,12.843218803405762,12.183345794677734,12.771151542663574,104459614
2023-03-03,11.998372077941895,12.467354774475098,11.628206253051758,12.452231407165527,126394730
2023-03-04,11.832651138305664,12.06856632232666,11.65186882019043,11.99992561340332,70340308
2023-03-05,12.025495529174805,12.245731353759766,11.83279037475586,11.83279037475586,96590867
2023-03-06,11.987174034118652,12.202601432800293,11.870829582214355,12.026124000549316,82315781
2023-03-07,11.748340606689453,12.077566146850586,11.510685920715332,11.98710823059082,102201640
2023-03-08,10.96233081817627,11.80199909210205,10.91009521484375,11.747937202453613,117637439
2023-03-09,11.008208274841309,11.009729385375977,10.554149627685547,10.962347030639648,233966432
2023-03-10,11.15026569366455,11.318926811218262,10.349942207336426,11.010459899902344,276261023
2023-03-11,11.11772346496582,11.391489028930664,10.701093673706055,11.150771141052246,210323272
2023-03-12,11.774876594543457,11.775799751281738,11.011524200439453,11.116473197937012,159480197
2023-03-13,12.011921882629395,12.230128288269043,11.34317684173584,11.775591850280762,203148538
2023-03-14,13.069165229797363,13.471345901489258,11.94339370727539,12.011043548583984,351070852
2023-03-15,12.44514274597168,13.370097160339355,11.686530113220215,13.074257850646973,311466490
2023-03-16,12.851852416992188,12.980156898498535,12.34883975982666,12.447348594665527,192217660
2023-03-17,13.185644149780273,13.276233673095703,12.666376113891602,12.850790977478027,185601407
2023-03-18,12.228092193603516,13.430741310119629,12.219194412231445,13.18727970123291,268703828
2023-03-19,12.346330642700195,13.063963890075684,12.111137390136719,12.227396965026855,193686596
2023-03-20,11.55572509765625,12.459160804748535,11.534689903259277,12.3448486328125,181376343
2023-03-21,11.94393539428711,12.15903377532959,11.360310554504395,11.558732986450195,166344723
2023-03-22,11.340572357177734,11.996533393859863,10.982902526855469,11.94297981262207,190803353
2023-03-23,11.699126243591309,11.951094627380371,11.270692825317383,11.339837074279785,136911454
2023-03-24,11.200934410095215,11.718620300292969,11.02291202545166,11.6990966796875,127558084
2023-03-25,11.107028007507324,11.33071231842041,10.946751594543457,11.201684951782227,92819317
2023-03-26,11.32776927947998,11.45334243774414,11.058877944946289,11.107497215270996,73994297
2023-03-27,10.844813346862793,11.34805965423584,10.641913414001465,11.328128814697266,104882576
2023-03-28,11.229663848876953,11.388707160949707,10.699592590332031,10.84461498260498,130617903
2023-03-29,11.429058074951172,11.525229454040527,11.151599884033203,11.227296829223633,257332151
2023-03-30,11.146181106567383,11.55256462097168,10.961009979248047,11.430818557739258,173265510
2023-03-31,11.187450408935547,11.377302169799805,11.028765678405762,11.146390914916992,140589491
2023-04-01,11.400552749633789,11.484651565551758,11.061474800109863,11.187789916992188,130555978
2023-04-02,11.125761032104492,11.568350791931152,11.011555671691895,11.398507118225098,125384742
2023-04-03,11.165249824523926,11.248030662536621,10.766337394714355,11.125290870666504,150189467
2023-04-04,11.278219223022461,11.411566734313965,11.045696258544922,11.162933349609375,143476544
2023-04-05,11.529480934143066,11.583222389221191,11.171689987182617,11.279219627380371,150483959
2023-04-06,11.329965591430664,11.589702606201172,11.269286155700684,11.529290199279785,139753616
2023-04-07,11.055418014526367,11.351800918579102,10.935647964477539,11.329079627990723,141027689
2023-04-08,10.956896781921387,11.188655853271484,10.91064739227295,11.054492950439453,93284058
2023-04-09,11.040395736694336,11.086824417114258,10.883213996887207,10.957501411437988,85844433
2023-04-10,11.186286926269531,11.228753089904785,10.927894592285156,11.040116310119629,113170744
2023-04-11,11.278844833374023,11.3980712890625,11.133806228637695,11.187009811401367,128730503
2023-04-12,11.356743812561035,11.363304138183594,10.987815856933594,11.278858184814453,109401541
2023-04-13,11.819424629211426,11.991720199584961,11.258968353271484,11.323156356811523,157939345
2023-04-14,12.262309074401855,12.44081974029541,11.812603950500488,11.820257186889648,249901885
2023-04-15,12.394586563110352,12.474129676818848,12.082733154296875,12.262104988098145,132995740
2023-04-16,12.697114944458008,12.89262580871582,12.382773399353027,12.392127990722656,191861076
2023-04-17,12.341851234436035,12.92781925201416,12.337125778198242,12.693375587463379,165043636
2023-04-18,12.554780006408691,12.761092185974121,12.184141159057617,12.344794273376465,142719247
2023-04-19,11.709096908569336,12.578068733215332,11.612220764160156,12.553751945495605,217678324
2023-04-20,11.392242431640625,12.118735313415527,11.321253776550293,11.706086158752441,175574801
2023-04-21,10.803689002990723,11.471803665161133,10.672971725463867,11.39034652709961,161054459
2023-04-22,11.041813850402832,11.051528930664062,10.714957237243652,10.803393363952637,104030793
2023-04-23,10.827010154724121,11.043577194213867,10.620855331420898,11.042057037353516,90444450
2023-04-24,10.885917663574219,10.970344543457031,10.670868873596191,10.82650089263916,103850643
2023-04-25,11.053879737854004,11.08211898803711,10.668733596801758,10.88509464263916,101114259
2023-04-26,10.924459457397461,11.378750801086426,10.317156791687012,11.053279876708984,165482473
2023-04-27,11.527786254882812,11.76752758026123,10.917082786560059,10.927216529846191,179502043
2023-04-28,11.719165802001953,11.761510848999023,11.338281631469727,11.528125762939453,108497752
2023-04-29,11.719992637634277,11.806385040283203,11.591141700744629,11.718673706054688,69581001
2023-04-30,11.573060035705566,11.940540313720703,11.480534553527832,11.719554901123047,85583856
2023-05-01,11.008299827575684,11.56737232208252,10.859140396118164,11.56737232208252,110399167
2023-05-02,11.040736198425293,11.10776138305664,10.91776180267334,11.00916576385498,67879049
2023-05-03,11.100058555603027,11.15567684173584,10.774456977844238,11.040424346923828,86165715
2023-05-04,10.981950759887695,11.136809349060059,10.904195785522461,11.10177230834961,65603363
2023-05-05,11.231048583984375,11.295692443847656,10.97016429901123,10.98253059387207,74867495
2023-05-06,10.859296798706055,11.288823127746582,10.797958374023438,11.231378555297852,67987068
2023-05-07,11.005036354064941,11.089323997497559,10.805702209472656,10.858797073364258,57201995
2023-05-08,10.617470741271973,11.145087242126465,10.507932662963867,11.003339767456055,161012606
2023-05-09,10.396068572998047,10.698843955993652,10.307875633239746,10.617897987365723,102241826
2023-05-10,10.997882843017578,11.115741729736328,10.251913070678711,10.39569091796875,167015561
2023-05-11,11.046223640441895,11.074785232543945,10.552597045898438,10.998525619506836,130487205
2023-05-12,11.164373397827148,11.271726608276367,10.80510139465332,11.045848846435547,141247048
2023-05-13,10.895848274230957,11.164372444152832,10.846383094787598,11.164372444152832,79222754
2023-05-14,10.915787696838379,11.102327346801758,10.840479850769043,10.895451545715332,86367472
2023-05-15,10.805232048034668,11.095850944519043,10.76239013671875,10.915596008300781,81286208
2023-05-16,10.882347106933594,10.903965950012207,10.72102165222168,10.805356979370117,73613379
2023-05-17,10.935614585876465,11.068856239318848,10.733753204345703,10.881949424743652,73444406
2023-05-18,10.751799583435059,10.993992805480957,10.528922080993652,10.935664176940918,93025278
2023-05-19,10.609885215759277,10.75014591217041,10.489007949829102,10.75014591217041,81609177
2023-05-20,10.61400318145752,10.630870819091797,10.533868789672852,10.60988712310791,48226216
2023-05-21,10.477790832519531,10.617460250854492,10.433662414550781,10.613822937011719,51003478
2023-05-22,10.487075805664062,10.566381454467773,10.347294807434082,10.477922439575195,56961894
2023-05-23,10.524550437927246,10.615191459655762,10.457871437072754,10.487242698669434,66970119
2023-05-24,10.418463706970215,10.528430938720703,10.223322868347168,10.525101661682129,76384222
2023-05-25,10.488066673278809,10.54781436920166,10.274307250976562,10.417576789855957,71039888
2023-05-26,10.534507751464844,10.596531867980957,10.428621292114258,10.48751163482666,59448189
2023-05-27,10.546693801879883,10.599327087402344,10.49185562133789,10.534568786621094,46062789
2023-05-28,10.93750286102295,10.947408676147461,10.52486801147461,10.546796798706055,72103366
2023-05-29,10.756916999816895,10.967026710510254,10.714200973510742,10.937711715698242,61867625
2023-05-30,10.84036636352539,10.898831367492676,10.741340637207031,10.756447792053223,58865306
2023-05-31,10.464144706726074,10.880656242370605,10.436881065368652,10.840317726135254,71414405
2023-06-01,10.327199935913086,10.487638473510742,10.236663818359375,10.464162826538086,73309153
2023-06-02,10.65624713897705,10.66734504699707,10.271512031555176,10.328182220458984,61982819
2023-06-03,10.701608657836914,10.759796142578125,10.56175422668457,10.656512260437012,45921085
2023-06-04,10.751866340637207,10.84686279296875,10.6669282913208,10.701020240783691,52388428
2023-06-05,10.017903327941895,10.81039810180664,9.921558380126953,10.752778053283691,118272370
2023-06-06,10.159592628479004,10.27525806427002,9.830634117126465,10.017669677734375,77186486
2023-06-07,9.428718566894531,10.159072875976562,9.368820190429688,10.159072875976562,86725269
2023-06-08,9.444659233093262,9.616291999816895,9.351858139038086,9.429244995117188,64444002
2023-06-09,9.171860694885254,9.467231750488281,9.156234741210938,9.444661140441895,75697607
2023-06-10,8.244614601135254,9.174087524414062,7.509232997894287,9.17238712310791,208938971
2023-06-11,8.4445161819458,8.500633239746094,8.13220500946045,8.244649887084961,73995309
2023-06-12,8.754095077514648,8.822019577026367,8.314957618713379,8.444401741027832,89457609
2023-06-13,8.644780158996582,8.892894744873047,8.560903549194336,8.75345230102539,75321389
2023-06-14,8.482905387878418,8.822511672973633,8.417830467224121,8.64477825164795,77723787
2023-06-15,8.663455963134766,8.74789047241211,8.421310424804688,8.482982635498047,82903104
2023-06-16,8.75525188446045,8.915599822998047,8.567734718322754,8.66323184967041,64814657
2023-06-17,8.903651237487793,8.969921112060547,8.69277572631836,8.755427360534668,51812676
2023-06-18,8.559378623962402,8.91886043548584,8.542089462280273,8.903166770935059,58481405
2023-06-19,8.59179401397705,8.625630378723145,8.382211685180664,8.559633255004883,61643038
2023-06-20,8.781207084655762,8.790574073791504,8.284905433654785,8.591717720031738,78730359
2023-06-21,9.053521156311035,9.103287696838379,8.758621215820312,8.78100872039795,97467458
2023-06-22,9.016958236694336,9.396023750305176,9.01551342010498,9.05239200592041,85936262
2023-06-23,9.31089973449707,9.420940399169922,9.003240585327148,9.017070770263672,76553773
2023-06-24,9.384395599365234,9.476908683776855,9.14550495147705,9.311647415161133,65710990
2023-06-25,9.470749855041504,9.731332778930664,9.371047973632812,9.3845853805542,73883548
2023-06-26,9.189369201660156,9.508577346801758,9.134819030761719,9.468121528625488,71675169
2023-06-27,9.424847602844238,9.441312789916992,9.180914878845215,9.189294815063477,65184357
2023-06-28,9.137045860290527,9.427250862121582,8.989972114562988,9.425410270690918,73980079
2023-06-29,8.992055892944336,9.42668628692627,8.991518020629883,9.135988235473633,75414422
2023-06-30,9.28817367553711,9.425287246704102,8.856515884399414,8.990544319152832,121764675
2023-07-01,9.562376022338867,9.566513061523438,9.183450698852539,9.288493156433105,75249772
2023-07-02,9.58806324005127,9.58806324005127,9.367058753967285,9.56259822845459,66823504
2023-07-03,9.933246612548828,10.091978073120117,9.573180198669434,9.588395118713379,89522350
2023-07-04,9.689380645751953,9.953170776367188,9.655552864074707,9.933070182800293,71608555
2023-07-05,9.408117294311523,9.873757362365723,9.279485702514648,9.689936637878418,86562751
2023-07-06,9.208087921142578,9.636024475097656,9.117707252502441,9.407062530517578,84914940
2023-07-07,9.172386169433594,9.352850914001465,9.12605094909668,9.207275390625,60827527
2023-07-08,9.211047172546387,9.292819023132324,9.105891227722168,9.171647071838379,50946132
2023-07-09,9.433234214782715,9.601075172424316,9.196492195129395,9.211231231689453,62796180
2023-07-10,9.250606536865234,9.43327522277832,9.20063304901123,9.43327522277832,76851455
2023-07-11,9.203163146972656,9.356283187866211,9.165584564208984,9.251014709472656,54694535
2023-07-12,9.071144104003906,9.282750129699707,8.990496635437012,9.203107833862305,62107327
2023-07-13,9.900477409362793,9.900477409362793,8.955561637878418,9.071677207946777,133730445
2023-07-14,9.799742698669434,10.274749755859375,9.455991744995117,9.899210929870605,154099417
2023-07-15,9.705089569091797,9.97628116607666,9.659565925598145,9.799263954162598,66626519
2023-07-16,9.391098976135254,9.721322059631348,9.365683555603027,9.704851150512695,70554629
2023-07-17,9.443839073181152,9.596649169921875,9.192741394042969,9.391637802124023,91256404
2023-07-18,9.283979415893555,9.51102066040039,9.160629272460938,9.443641662597656,71864741
2023-07-19,9.18753719329834,9.399917602539062,9.143453598022461,9.285120010375977,69861056
2023-07-20,9.355948448181152,9.355948448181152,9.147114753723145,9.18729019165039,88268415
2023-07-21,9.430829048156738,9.528326988220215,9.321144104003906,9.357061386108398,68912023
2023-07-22,9.254434585571289,9.560622215270996,9.210777282714844,9.430378913879395,67569184
2023-07-23,9.287364959716797,9.358908653259277,9.244351387023926,9.256016731262207,53405878
2023-07-24,9.011807441711426,9.286916732788086,8.92713737487793,9.286699295043945,77388927
2023-07-25,8.957772254943848,9.05469799041748,8.932497024536133,9.011099815368652,55885345
2023-07-26,8.986245155334473,9.028435707092285,8.833605766296387,8.957887649536133,72081341
2023-07-27,8.91080093383789,9.091496467590332,8.870952606201172,8.986639022827148,55825435
2023-07-28,9.03537654876709,9.058719635009766,8.865071296691895,8.910634994506836,51986991
2023-07-29,9.078164100646973,9.088895797729492,8.989625930786133,9.034614562988281,42418039
2023-07-30,9.002388954162598,9.092732429504395,8.88362979888916,9.07779312133789,58089725
2023-07-31,8.859603881835938,9.104852676391602,8.798272132873535,9.002293586730957,63821323
2023-08-01,8.97490119934082,8.975647926330566,8.667885780334473,8.859949111938477,80501683
2023-08-02,8.713351249694824,9.01038646697998,8.70804500579834,8.975451469421387,76537656
2023-08-03,8.620656967163086,8.763097763061523,8.59919261932373,8.713220596313477,73442968
2023-08-04,8.482665061950684,8.66480541229248,8.391254425048828,8.620352745056152,75915243
2023-08-05,8.502887725830078,8.529473304748535,8.369263648986816,8.482213020324707,60562554
2023-08-06,8.475852966308594,8.568501472473145,8.45123291015625,8.50272274017334,60570515
2023-08-07,8.48398208618164,8.566097259521484,8.300077438354492,8.475730895996094,81991738
2023-08-08,8.526094436645508,8.635943412780762,8.455273628234863,8.483796119689941,78858386
2023-08-09,8.537758827209473,8.65919017791748,8.45141315460205,8.526187896728516,73080616
2023-08-10,8.409073829650879,8.548797607421875,8.405077934265137,8.536751747131348,73861280
2023-08-11,8.343221664428711,8.446767807006836,8.326851844787598,8.409156799316406,66460329
2023-08-12,8.416135787963867,8.430061340332031,8.337327003479004,8.343154907226562,58809054
2023-08-13,8.373977661132812,8.496660232543945,8.3604154586792,8.41607666015625,65607747
2023-08-14,8.509431838989258,8.557428359985352,8.340349197387695,8.373420715332031,72618667
2023-08-15,8.104028701782227,8.538349151611328,8.006400108337402,8.509778022766113,92269391
2023-08-16,7.7922539710998535,8.113003730773926,7.649695873260498,8.104035377502441,87664703
2023-08-17,7.427072048187256,8.183788299560547,7.296494960784912,7.7924909591674805,234340480
2023-08-18,7.577132225036621,7.679937839508057,7.392669200897217,7.424105167388916,133937873
2023-08-19,7.706826210021973,7.721293926239014,7.516654968261719,7.577991962432861,80794346
2023-08-20,7.865499973297119,7.883876800537109,7.697541236877441,7.707054138183594,91020274
2023-08-21,7.546621799468994,7.874617099761963,7.477925777435303,7.864439964294434,102276282
2023-08-22,7.389942169189453,7.551589012145996,7.186737060546875,7.546438217163086,102576254
2023-08-23,7.425846099853516,7.519509792327881,7.314274787902832,7.390796184539795,85522933
2023-08-24,7.20452880859375,7.445335865020752,7.111656188964844,7.425934791564941,87675802
2023-08-25,7.24429988861084,7.2616448402404785,7.066619873046875,7.205718994140625,87429486
2023-08-26,7.15511417388916,7.252442836761475,7.144082069396973,7.244312763214111,68124417
2023-08-27,7.178999900817871,7.2049479484558105,7.103888034820557,7.155055046081543,58243172
2023-08-28,7.265203952789307,7.272120952606201,7.085720062255859,7.17907190322876,76507548
2023-08-29,7.436326026916504,7.501463890075684,7.120253086090088,7.265007019042969,109417764
2023-08-30,7.224955081939697,7.450141906738281,7.193871974945068,7.4368181228637695,88464461
2023-08-31,6.920788764953613,7.260451793670654,6.857217788696289,7.225089073181152,95816874
2023-09-01,6.664156913757324,6.970678806304932,6.651681900024414,6.920752048492432,83439305
2023-09-02,6.8280839920043945,6.829744815826416,6.644410133361816,6.664210796356201,65451901
2023-09-03,6.808621883392334,6.876492977142334,6.769543170928955,6.828378200531006,57907830
2023-09-04,6.719968795776367,6.91384220123291,6.677740097045898,6.808361053466797,69849773
2023-09-05,6.813490867614746,6.843747138977051,6.670987129211426,6.720614910125732,69891050
2023-09-06,6.888483047485352,6.910153865814209,6.731925010681152,6.8137969970703125,66903278
2023-09-07,6.937230110168457,6.9819560050964355,6.814662933349609,6.889577865600586,63069578
2023-09-08,6.833852767944336,6.992859840393066,6.800468921661377,6.937808990478516,61195084
2023-09-09,6.850561141967773,6.919087886810303,6.812963008880615,6.833812236785889,48429546
2023-09-10,6.66104793548584,6.851339817047119,6.619196891784668,6.850930213928223,86333784
2023-09-11,6.370998859405518,6.673505783081055,6.303390979766846,6.661048889160156,112755916
2023-09-12,6.381011009216309,6.53743314743042,6.348939895629883,6.370739936828613,87209135
2023-09-13,6.543868064880371,6.571918964385986,6.3720879554748535,6.381365776062012,76276974
2023-09-14,6.835610866546631,6.903339862823486,6.508750915527344,6.543664932250977,78469289
2023-09-15,6.926130771636963,7.003387928009033,6.770556926727295,6.835821151733398,67024707
2023-09-16,7.147991180419922,7.16533088684082,6.926136016845703,6.926136016845703,57436908
2023-09-17,6.9462199211120605,7.162290096282959,6.924167156219482,7.147858142852783,57158936
2023-09-18,7.379035949707031,7.473896026611328,6.865475177764893,6.945775032043457,90710012
2023-09-19,7.510188102722168,7.5790228843688965,7.2184858322143555,7.37896203994751,76638805
2023-09-20,7.276811122894287,7.5122599601745605,7.211988925933838,7.510129928588867,69798957
2023-09-21,7.181099891662598,7.493831157684326,7.181090831756592,7.276886940002441,72486058
2023-09-22,7.134264945983887,7.230356216430664,7.047937870025635,7.179235935211182,55517070
2023-09-23,7.0829949378967285,7.193521022796631,7.063014984130859,7.13411283493042,43247834
2023-09-24,6.97852897644043,7.1393609046936035,6.973660945892334,7.082924842834473,37552291
2023-09-25,7.038658142089844,7.069924831390381,6.932297229766846,6.9781317710876465,63379906
2023-09-26,6.955625057220459,7.08742094039917,6.91811990737915,7.038348197937012,48927758
2023-09-27,6.967410087585449,7.109007835388184,6.907978057861328,6.955437183380127,57462178
2023-09-28,7.108080863952637,7.19094181060791,6.939947128295898,6.9673261642456055,56882608
2023-09-29,7.110103130340576,7.1881208419799805,7.08193302154541,7.108170986175537,48945422
2023-09-30,7.241118907928467,7.296485900878906,7.096182823181152,7.109993934631348,44880973
2023-10-01,7.5643391609191895,7.637909889221191,7.190095901489258,7.240846157073975,64545226
2023-10-02,7.154542922973633,7.579955101013184,7.1275200843811035,7.564352035522461,75804359
2023-10-03,7.069598197937012,7.2717437744140625,7.0546040534973145,7.153742790222168,75394644
2023-10-04,6.970643043518066,7.069626808166504,6.897200107574463,7.069626808166504,76002370
2023-10-05,6.838068962097168,6.987563133239746,6.781863212585449,6.9708638191223145,60787805
2023-10-06,6.914848804473877,6.952836036682129,6.825352191925049,6.837775230407715,55611602
2023-10-07,6.963347911834717,6.992685794830322,6.884122848510742,6.914856910705566,45668673
2023-10-08,6.943635940551758,6.988350868225098,6.862223148345947,6.963542938232422,44138092
2023-10-09,6.8290019035339355,6.954520225524902,6.6295647621154785,6.943882942199707,73432131
2023-10-10,6.681615829467773,7.264470100402832,6.623619079589844,6.828763008117676,212816484
2023-10-11,6.705511093139648,6.747641086578369,6.502161026000977,6.681711196899414,84642538
2023-10-12,6.587174892425537,6.724257946014404,6.42151403427124,6.704967975616455,73664182
2023-10-13,6.563007831573486,6.640563011169434,6.514048099517822,6.5867600440979,56191700
2023-10-14,6.586165904998779,6.656446933746338,6.563025951385498,6.563025951385498,36605438
2023-10-15,6.603028774261475,6.672962188720703,6.5362420082092285,6.585721969604492,47961854
2023-10-16,6.634134769439697,6.76367712020874,6.5828471183776855,6.60322380065918,85729671
2023-10-17,6.4453229904174805,6.633745193481445,6.393404006958008,6.633745193481445,65497194
2023-10-18,6.29964017868042,6.459958076477051,6.29964017868042,6.4453887939453125,62405322
2023-10-19,6.266321182250977,6.300649166107178,6.186659812927246,6.2993340492248535,64238690
2023-10-20,6.412899017333984,6.468163013458252,6.253117084503174,6.266698837280273,72820254
2023-10-21,6.626347064971924,6.68291711807251,6.3748040199279785,6.412848949432373,68964644
2023-10-22,6.749466896057129,6.754330158233643,6.525867938995361,6.626532077789307,65193853
2023-10-23,7.016096115112305,7.034710884094238,6.632711887359619,6.727634906768799,128366683
2023-10-24,6.9890899658203125,7.293783187866211,6.8260297775268555,7.016178131103516,177405565
2023-10-25,7.116573810577393,7.215816974639893,6.907645225524902,6.9905571937561035,117026083
2023-10-26,7.158260822296143,7.3514227867126465,6.927873134613037,7.116660118103027,129153044
2023-10-27,7.030354022979736,7.166056156158447,6.937326908111572,7.159554958343506,80936002
2023-10-28,7.184305191040039,7.217514991760254,7.026566982269287,7.030288219451904,58469487
2023-10-29,7.316870212554932,7.381895065307617,7.063928127288818,7.184246063232422,61104552
2023-10-30,8.106801986694336,8.133939743041992,7.226377010345459,7.31672477722168,162400749
2023-10-31,7.934500217437744,8.205449104309082,7.77279806137085,8.110556602478027,234326837
2023-11-01,7.880958080291748,8.018709182739258,7.568999767303467,7.934781074523926,177903210
2023-11-02,7.844841957092285,8.088262557983398,7.610023021697998,7.881799221038818,173910469
2023-11-03,7.75800895690918,7.843754768371582,7.570454120635986,7.843754768371582,135276793
2023-11-04,8.11406421661377,8.215831756591797,7.720149040222168,7.75779914855957,128521701
2023-11-05,8.375170707702637,8.527508735656738,8.065820693969727,8.113478660583496,158574844
2023-11-06,8.734997749328613,8.751667022705078,8.338214874267578,8.37522029876709,142841467
2023-11-07,8.470746040344238,8.736856460571289,8.187856674194336,8.734583854675293,147886328
2023-11-08,8.679195404052734,8.739171028137207,8.392489433288574,8.471392631530762,129472169
2023-11-09,9.02759838104248,9.041898727416992,8.34099006652832,8.678756713867188,251586870
2023-11-10,9.201963424682617,9.507192611694336,8.988096237182617,9.028281211853027,239965131
2023-11-11,9.238028526306152,9.442710876464844,8.913541793823242,9.201486587524414,150318955
2023-11-12,9.531819343566895,9.699929237365723,8.940470695495605,9.238590240478516,165116551
2023-11-13,9.2068452835083,10.51838493347168,9.2068452835083,9.532113075256348,311493522
2023-11-14,9.101848602294922,9.39305305480957,8.750871658325195,9.204863548278809,229325518
2023-11-15,9.671699523925781,9.765412330627441,8.971772193908691,9.103489875793457,205691957
2023-11-16,9.591050148010254,10.183981895446777,9.497810363769531,9.670990943908691,254070956
2023-11-17,9.398934364318848,10.200349807739258,9.096176147460938,9.592653274536133,195095225
2023-11-18,9.230510711669922,9.40746784210205,8.913010597229004,9.399250030517578,142629411
2023-11-19,9.383025169372559,9.389909744262695,9.000265121459961,9.231109619140625,103089472
2023-11-20,8.973597526550293,9.542336463928223,8.952431678771973,9.382280349731445,134337224
2023-11-21,8.24931526184082,9.076369285583496,8.24931526184082,8.973502159118652,172057096
2023-11-22,8.814624786376953,8.916349411010742,8.223485946655273,8.247880935668945,117225175
2023-11-23,8.749003410339355,9.069964408874512,8.684700965881348,8.814556121826172,90109866
2023-11-24,8.90308952331543,9.081048011779785,8.72639274597168,8.748771667480469,111252109
2023-11-25,9.479573249816895,9.646468162536621,8.882744789123535,8.903998374938965,122332293
2023-11-26,9.930932998657227,9.99853229522705,9.347326278686523,9.48327922821045,277280752
2023-11-27,9.305075645446777,9.929181098937988,8.980648040771484,9.929181098937988,201805511
2023-11-28,9.246330261230469,9.350123405456543,8.820472717285156,9.305157661437988,189010990
2023-11-29,9.220938682556152,9.31617546081543,9.035943031311035,9.246363639831543,162377611
2023-11-30,9.255597114562988,9.37246322631836,9.14311408996582,9.220555305480957,136161724
2023-12-01,9.462126731872559,9.463386535644531,9.200272560119629,9.255592346191406,134878841
2023-12-02,9.640364646911621,9.696914672851562,9.413125991821289,9.462038040161133,136046888
2023-12-03,9.543779373168945,9.647130012512207,9.381060600280762,9.640835762023926,148810451
2023-12-04,9.746047973632812,9.865263938903809,9.36875057220459,9.542864799499512,317967890
2023-12-05,9.894026756286621,9.920348167419434,9.498295783996582,9.74914264678955,179846965
2023-12-06,9.743256568908691,10.260513305664062,9.741238594055176,9.893858909606934,232865207
2023-12-07,9.903889656066895,10.02337646484375,9.600399017333984,9.745469093322754,166694026
2023-12-08,10.407621383666992,10.658414840698242,9.852676391601562,9.904496192932129,206551471
2023-12-09,10.4846773147583,11.276223182678223,10.408695220947266,10.408695220947266,293581731
2023-12-10,10.666178703308105,10.687116622924805,10.154413223266602,10.485206604003906,149493512
2023-12-11,9.861038208007812,10.687540054321289,9.522406578063965,10.668732643127441,247396425
2023-12-12,11.717423439025879,12.307071685791016,9.845497131347656,9.861001968383789,685083352
2023-12-13,11.621902465820312,11.844655990600586,10.830078125,11.714094161987305,449466013
2023-12-14,11.550127029418945,11.902586936950684,11.222899436950684,11.623516082763672,288324974
2023-12-15,10.887299537658691,11.547547340393066,10.87341594696045,11.547547340393066,208600879
2023-12-16,12.054756164550781,12.054756164550781,10.771583557128906,10.883957862854004,242710537
2023-12-17,11.13099193572998,12.055373191833496,11.098386764526367,12.055373191833496,231339599
2023-12-18,10.880043983459473,11.139822006225586,10.30202865600586,11.128461837768555,212567651
2023-12-19,10.4153413772583,11.009117126464844,10.315250396728516,10.880760192871094,180601232
2023-12-20,10.662837982177734,10.886348724365234,10.304657936096191,10.414934158325195,210651624
2023-12-21,11.401318550109863,11.490276336669922,10.522649765014648,10.663290023803711,288775843
2023-12-22,11.401578903198242,11.725263595581055,11.029582977294922,11.401620864868164,247611905
2023-12-23,11.347039222717285,11.415492057800293,11.081181526184082,11.401565551757812,162421922
2023-12-24,11.244524955749512,11.725568771362305,11.132851600646973,11.346521377563477,263586565
2023-12-25,11.932140350341797,12.048232078552246,11.09560489654541,11.245656967163086,256974307
2023-12-26,11.616011619567871,12.509015083312988,11.263978004455566,11.932441711425781,463823803
2023-12-27,11.965517044067383,12.082697868347168,11.19084644317627,11.61750602722168,213456250
2023-12-28,11.429393768310547,12.214081764221191,11.34768295288086,11.966828346252441,235790476
2023-12-29,10.99152660369873,11.524373054504395,10.795180320739746,11.428312301635742,207857738
2023-12-30,10.766782760620117,11.016785621643066,10.628419876098633,10.991406440734863,135223165
2023-12-31,10.591959953308105,10.961060523986816,10.56058120727539,10.763533592224121,129697557
2024-01-01,11.197029113769531,11.197029113769531,10.505120277404785,10.593066215515137,123659503
2024-01-02,10.983017921447754,11.418045043945312,10.976151466369629,11.198247909545898,174274563
2024-01-03,9.932849884033203,11.369720458984375,9.624232292175293,10.983485221862793,313754168
2024-01-04,10.264856338500977,10.343886375427246,9.82440185546875,9.9335355758667,223116538
2024-01-05,10.313005447387695,10.726692199707031,9.876456260681152,10.265111923217773,300123864
2024-01-06,9.830917358398438,10.38497543334961,9.6256742477417,10.315000534057617,197082040
2024-01-07,9.408578872680664,9.908352851867676,9.345490455627441,9.831390380859375,148117125
2024-01-08,9.956762313842773,9.979900360107422,9.011242866516113,9.408587455749512,189479646
2024-01-09,9.657955169677734,10.042369842529297,9.407673835754395,9.95795726776123,212448624
2024-01-10,10.380351066589355,10.60909652709961,9.399938583374023,9.658492088317871,212111345
2024-01-11,10.670726776123047,10.884231567382812,10.269417762756348,10.381794929504395,237534323
2024-01-12,9.964219093322754,10.932052612304688,9.724664688110352,10.668319702148438,233148781
2024-01-13,10.209226608276367,10.329754829406738,9.699694633483887,9.962930679321289,133227135
2024-01-14,9.98592472076416,10.560498237609863,9.97386646270752,10.20991325378418,154873021
2024-01-15,10.189069747924805,10.312336921691895,9.983681678771973,9.984010696411133,160265773
2024-01-16,10.286282539367676,10.566076278686523,10.083624839782715,10.187007904052734,153227507
2024-01-17,10.140357971191406,10.334930419921875,10.05750846862793,10.285895347595215,119823026
2024-01-18,9.690580368041992,10.247044563293457,9.591167449951172,10.140104293823242,130717125
2024-01-19,9.70362377166748,9.878802299499512,9.305085182189941,9.690479278564453,135734598
2024-01-20,9.832260131835938,9.841558456420898,9.613837242126465,9.704097747802734,79330972
2024-01-21,9.631035804748535,9.928915023803711,9.631035804748535,9.833428382873535,80559785
2024-01-22,9.181390762329102,9.654692649841309,9.079174995422363,9.63431167602539,137526619
2024-01-23,9.217303276062012,9.321904182434082,8.72957706451416,9.180939674377441,144903357
2024-01-24,9.344944953918457,9.358111381530762,9.149293899536133,9.217482566833496,94485444
2024-01-25,9.224383354187012,9.345619201660156,9.063590049743652,9.344584465026855,85852842
2024-01-26,9.633867263793945,9.739469528198242,9.172390937805176,9.224714279174805,90316709
2024-01-27,9.673402786254883,9.724892616271973,9.445755004882812,9.633260726928711,76745021
2024-01-28,9.423107147216797,9.757540702819824,9.358602523803711,9.67333698272705,96307184
2024-01-29,9.661089897155762,9.689122200012207,9.39101505279541,9.423437118530273,95382546
2024-01-30,9.412412643432617,9.717514991760254,9.331722259521484,9.661224365234375,108641563
2024-01-31,9.100728988647461,9.42834186553955,9.029030799865723,9.411134719848633,130093033
2024-02-01,9.135396003723145,9.218161582946777,8.979374885559082,9.100363731384277,103679411
2024-02-02,9.161083221435547,9.270636558532715,9.098990440368652,9.13505744934082,92495504
2024-02-03,9.050518989562988,9.210209846496582,9.050518989562988,9.161515235900879,64676697
2024-02-04,8.962185859680176,9.104315757751465,8.956734657287598,9.050369262695312,63342774
2024-02-05,9.045736312866211,9.16374683380127,8.860244750976562,8.961970329284668,77898398
2024-02-06,9.123825073242188,9.222576141357422,9.034173965454102,9.045921325683594,97969079
2024-02-07,9.589555740356445,9.654230117797852,9.123772621154785,9.123772621154785,130997934
2024-02-08,9.637903213500977,9.726901054382324,9.465066909790039,9.589550018310547,132177428
2024-02-09,10.019989967346191,10.186985969543457,9.62255859375,9.638338088989258,172636743
2024-02-10,9.973590850830078,10.092373847961426,9.933176040649414,10.020429611206055,101536641
2024-02-11,9.737347602844238,10.250879287719727,9.653436660766602,9.973519325256348,165853278
2024-02-12,9.935027122497559,10.014410018920898,9.511520385742188,9.738323211669922,167491039
2024-02-13,10.299542427062988,10.376452445983887,9.885893821716309,9.93380069732666,234596480
2024-02-14,10.242606163024902,10.40795612335205,10.078784942626953,10.29898738861084,185838725
2024-02-15,10.334211349487305,10.4295015335083,10.127116203308105,10.243919372558594,203017909
2024-02-16,10.243735313415527,10.469524383544922,10.049156188964844,10.334752082824707,153053032
2024-02-17,10.279833793640137,10.332072257995605,9.908784866333008,10.244085311889648,128581021
2024-02-18,10.582174301147461,10.634159088134766,10.214872360229492,10.279776573181152,132598975
2024-02-19,10.746743202209473,10.782182693481445,10.486970901489258,10.5822172164917,163175173
2024-02-20,10.368412017822266,10.746689796447754,10.055756568908691,10.746689796447754,195067015
2024-02-21,9.982489585876465,10.368490219116211,9.761174201965332,10.368490219116211,178105459
2024-02-22,9.780396461486816,10.033028602600098,9.722580909729004,9.983050346374512,162876933
2024-02-23,9.96855640411377,10.039383888244629,9.710062980651855,9.77983570098877,161005573
2024-02-24,10.413625717163086,10.567422866821289,9.786239624023438,9.967510223388672,176170034
2024-02-25,10.372125625610352,10.442079544067383,10.226973533630371,10.41419792175293,109577577
2024-02-26,11.136367797851562,11.157526969909668,10.28111457824707,10.3717622756958,236640142
2024-02-27,11.212991714477539,11.4771146774292,10.88878345489502,11.136881828308105,275564999
2024-02-28,11.412552833557129,11.708477973937988,10.866072654724121,11.21208667755127,311562245
2024-02-29,11.285693168640137,12.19829273223877,11.035067558288574,11.411860466003418,327586839
2024-03-01,11.638577461242676,11.638577461242676,11.232582092285156,11.281978607177734,208847577
2024-03-02,12.20169734954834,12.20169734954834,11.637954711914062,11.637954711914062,257444822
2024-03-03,12.168292045593262,12.265737533569336,11.518513679504395,12.201996803283691,242319281
2024-03-04,12.47743034362793,12.840124130249023,12.119049072265625,12.16937255859375,372241416
2024-03-05,12.027961730957031,12.870392799377441,10.994715690612793,12.480542182922363,741440668
2024-03-06,14.204862594604492,14.27535629272461,11.557732582092285,12.027883529663086,559733764
2024-03-07,13.921241760253906,14.48360538482666,13.561334609985352,14.20475959777832,461282361
2024-03-08,13.421887397766113,13.996966361999512,12.956679344177246,13.921113967895508,325471563
2024-03-09,13.378081321716309,13.909485816955566,13.343901634216309,13.421887397766113,262391486
2024-03-10,13.171441078186035,13.563612937927246,12.897592544555664,13.378218650817871,258314230
2024-03-11,13.711904525756836,13.849625587463379,12.792230606079102,13.171305656433105,392814617
2024-03-12,13.41441535949707,13.80685806274414,12.837040901184082,13.711904525756836,341212549
2024-03-13,14.11928939819336,14.11928939819336,13.291600227355957,13.41441535949707,287600862
2024-03-14,13.656614303588867,14.237274169921875,12.999910354614258,14.119917869567871,444037386
2024-03-15,12.624008178710938,13.810208320617676,11.963836669921875,13.656904220581055,525887843
2024-03-16,11.930627822875977,12.85319709777832,11.66090202331543,12.624008178710938,339308420
2024-03-17,12.268336296081543,12.379080772399902,11.550503730773926,11.930627822875977,257982673
2024-03-18,11.730895042419434,12.417778968811035,11.555168151855469,12.268336296081543,239920937
2024-03-19,10.87870979309082,11.81175708770752,10.663555145263672,11.73111629486084,430033241
2024-03-20,11.749960899353027,11.7843656539917,10.717402458190918,10.878979682922363,311596341
2024-03-21,11.634140968322754,11.969561576843262,11.524271011352539,11.749961853027344,214774108
2024-03-22,11.389864921569824,11.832610130310059,11.114378929138184,11.634305000305176,202778374
2024-03-23,11.343890190124512,11.626521110534668,11.264742851257324,11.389864921569824,126935709
2024-03-24,11.611393928527832,11.672760009765625,11.290361404418945,11.344022750854492,129333102
2024-03-25,12.185325622558594,12.290007591247559,11.546038627624512,11.611163139343262,201101428
2024-03-26,12.216667175292969,12.37450122833252,11.951120376586914,12.185325622558594,278934169
2024-03-27,12.639973640441895,12.999435424804688,11.850065231323242,12.216580390930176,414903468
2024-03-28,12.298832893371582,12.639996528625488,12.198539733886719,12.639979362487793,258895396
2024-03-29,12.532543182373047,12.61252212524414,12.075138092041016,12.299233436584473,265540367
2024-03-30,12.269065856933594,12.836912155151367,12.235272407531738,12.532543182373047,163542832
2024-03-31,12.295455932617188,12.398064613342285,12.161225318908691,12.268798828125,116469305
2024-04-01,11.654643058776855,12.377782821655273,11.406913757324219,12.29506778717041,236581300
2024-04-02,10.973050117492676,11.65539264678955,10.833768844604492,11.654621124267578,248639565
2024-04-03,10.840879440307617,11.233329772949219,10.665046691894531,10.973050117492676,186408393
2024-04-04,11.015572547912598,11.270659446716309,10.675078392028809,10.840879440307617,176806839
2024-04-05,10.906997680664062,11.049382209777832,10.660545349121094,11.015572547912598,167589952
2024-04-06,11.11037826538086,11.175848007202148,10.867070198059082,10.907185554504395,94168950
2024-04-07,11.08511734008789,11.233468055725098,10.945846557617188,11.110274314880371,111140100
2024-04-08,11.30507755279541,11.399018287658691,10.929208755493164,11.08515453338623,153433046
2024-04-09,10.835424423217773,11.318263053894043,10.778273582458496,11.30507755279541,156551037
2024-04-10,10.81077766418457,10.870949745178223,10.442922592163086,10.835227012634277,170983793
2024-04-11,10.755186080932617,10.941591262817383,10.610739707946777,10.810779571533203,121139518
2024-04-12,9.387263298034668,10.889537811279297,8.929272651672363,10.755186080932617,376276736
2024-04-13,8.092049598693848,9.387201309204102,7.307922840118408,9.387201309204102,685706148
2024-04-14,8.361625671386719,8.52822494506836,7.79111909866333,8.091938972473145,473243279
2024-04-15,8.136923789978027,8.729408264160156,7.8949151039123535,8.361625671386719,379163853
2024-04-16,8.167922019958496,8.241313934326172,7.801915168762207,8.136927604675293,275240355
2024-04-17,8.041481018066406,8.273879051208496,7.819657802581787,8.167951583862305,172115646
2024-04-18,8.205324172973633,8.30955982208252,7.8942461013793945,8.041499137878418,152048024
2024-04-19,8.162455558776855,8.361922264099121,7.641411781311035,8.205289840698242,204271999
2024-04-20,8.676119804382324,8.692620277404785,8.113862037658691,8.162421226501465,108967599
2024-04-21,8.740612983703613,8.812573432922363,8.520381927490234,8.675898551940918,116558341
2024-04-22,8.921036720275879,9.01637077331543,8.692413330078125,8.740548133850098,181997473
2024-04-23,8.702821731567383,9.17354679107666,8.67872142791748,8.921036720275879,232553248
2024-04-24,8.402761459350586,8.872008323669434,8.326738357543945,8.702798843383789,171782819
2024-04-25,8.318687438964844,8.492551803588867,8.216377258300781,8.402774810791016,141546785
2024-04-26,8.295398712158203,8.393692970275879,8.143780708312988,8.318687438964844,112498917
2024-04-27,8.389908790588379,8.46127700805664,8.064861297607422,8.295398712158203,112483624
2024-04-28,8.19984245300293,8.510375022888184,8.174464225769043,8.389908790588379,84812228
2024-04-29,8.1549711227417,8.241827011108398,7.943205833435059,8.200196266174316,120532079
2024-04-30,8.466940879821777,8.549324035644531,7.674333095550537,8.154975891113281,218090563
2024-05-01,8.742610931396484,8.779790878295898,8.077841758728027,8.466940879821777,374899861
2024-05-02,8.651612281799316,9.041765213012695,8.594695091247559,8.742749214172363,196329194
2024-05-03,8.768823623657227,8.915953636169434,8.549188613891602,8.651612281799316,120970509
2024-05-04,8.694794654846191,8.836464881896973,8.67358684539795,8.768799781799316,89993952
2024-05-05,9.33621597290039,9.400410652160645,8.631857872009277,8.694794654846191,133482282
2024-05-06,9.204680442810059,9.500984191894531,9.193402290344238,9.336188316345215,168616376
2024-05-07,8.941096305847168,9.385019302368164,8.940003395080566,9.204680442810059,139384307
2024-05-08,9.087150573730469,9.329472541809082,8.869450569152832,8.941109657287598,152788942
2024-05-09,9.122842788696289,9.285932540893555,8.889304161071777,9.087519645690918,130212129
2024-05-10,8.647079467773438,9.159819602966309,8.627799034118652,9.1229248046875,117193071
2024-05-11,8.500800132751465,8.748619079589844,8.494840621948242,8.647082328796387,77526377
2024-05-12,8.479360580444336,8.657240867614746,8.474320411682129,8.500795364379883,60756011
2024-05-13,8.395989418029785,8.661944389343262,8.274544715881348,8.479360580444336,109808176
2024-05-14,8.126510620117188,8.438924789428711,8.119526863098145,8.395989418029785,118087059
2024-05-15,8.44739055633545,8.528390884399414,8.000223159790039,8.12651252746582,157763279
2024-05-16,8.53076171875,8.532197952270508,8.28247356414795,8.447449684143066,145072978
2024-05-17,8.661224365234375,8.766971588134766,8.459735870361328,8.530762672424316,142835010
2024-05-18,8.602482795715332,8.726892471313477,8.571619033813477,8.661264419555664,95091027
2024-05-19,8.20897388458252,8.605840682983398,8.179181098937988,8.602485656738281,86304378
2024-05-20,8.92219066619873,8.956119537353516,8.129913330078125,8.20897388458252,187284673
2024-05-21,8.782471656799316,9.027765274047852,8.72515869140625,8.921833038330078,194122816
2024-05-22,8.555723190307617,8.817144393920898,8.473708152770996,8.782470703125,152582784
2024-05-23,8.353194236755371,8.628016471862793,8.052322387695312,8.555723190307617,210770418
2024-05-24,8.453417778015137,8.475628852844238,8.21424674987793,8.353194236755371,115128500
2024-05-25,8.491292953491211,8.537553787231445,8.426342010498047,8.453417778015137,73953516
2024-05-26,8.402209281921387,8.505993843078613,8.319685935974121,8.491296768188477,82368010
2024-05-27,8.689178466796875,8.713385581970215,8.3944673538208,8.402209281921387,113124817
2024-05-28,8.719164848327637,8.823322296142578,8.461397171020508,8.689178466796875,159284737
2024-05-29,8.626333236694336,8.888708114624023,8.621660232543945,8.719164848327637,156944111
2024-05-30,8.545689582824707,8.708869934082031,8.403549194335938,8.6263427734375,117538598
2024-05-31,8.30634593963623,8.545731544494629,8.249030113220215,8.545689582824707,100282397
2024-06-01,8.323975563049316,8.363032341003418,8.259076118469238,8.306346893310547,64074320
2024-06-02,8.289015769958496,8.387531280517578,8.186519622802734,8.323974609375,81803797
2024-06-03,8.336576461791992,8.486680030822754,8.252137184143066,8.289015769958496,101227709
2024-06-04,8.535199165344238,8.539985656738281,8.30144214630127,8.336576461791992,95694758
2024-06-05,8.692577362060547,8.728137016296387,8.500226020812988,8.535204887390137,101131154
2024-06-06,8.617698669433594,8.793395042419434,8.573470115661621,8.6929349899292,111718832
2024-06-07,8.098858833312988,8.690089225769043,7.645949840545654,8.617626190185547,209205882
2024-06-08,7.759523868560791,8.107481956481934,7.7261152267456055,8.098444938659668,131377792
2024-06-09,7.881793975830078,7.938547134399414,7.732251167297363,7.759129047393799,161954716
2024-06-10,7.853382110595703,7.921498775482178,7.7324299812316895,7.881789207458496,168079865
2024-06-11,7.520244121551514,7.853448867797852,7.407859802246094,7.8532938957214355,197185255
2024-06-12,7.775824069976807,7.883224010467529,7.421847820281982,7.520188808441162,139553809
2024-06-13,7.435369968414307,7.7892231941223145,7.38046407699585,7.775832176208496,120920636
2024-06-14,7.113450050354004,7.4916558265686035,6.983677864074707,7.435458183288574,141360196
2024-06-15,7.142673969268799,7.2044501304626465,7.098656177520752,7.11297082901001,79104497
2024-06-16,7.216836929321289,7.239361763000488,7.064380168914795,7.142552852630615,65622396
2024-06-17,6.99744176864624,7.235795021057129,6.810995101928711,7.216817855834961,131202025
2024-06-18,6.6985578536987305,7.0113067626953125,6.317323207855225,6.997427940368652,237121928
2024-06-19,6.886107921600342,6.948949813842773,6.645863056182861,6.6965789794921875,115990687
2024-06-20,6.836057186126709,7.1019368171691895,6.8259429931640625,6.886107921600342,122051264
2024-06-21,6.786553859710693,6.917903900146484,6.761434078216553,6.835967063903809,108532734
2024-06-22,6.74109411239624,6.801939964294434,6.716469764709473,6.7859392166137695,67174738
2024-06-23,6.693802833557129,6.831733226776123,6.652608871459961,6.741003036499023,77097963
2024-06-24,6.832121849060059,6.843340873718262,6.466907978057861,6.693546772003174,169306862
2024-06-25,6.943789958953857,7.037892818450928,6.830387115478516,6.832174777984619,107417709
2024-06-26,6.789190769195557,6.974763870239258,6.747323989868164,6.943826198577881,93073954
2024-06-27,6.951858043670654,7.095818042755127,6.723968029022217,6.789238929748535,102035789
2024-06-28,6.714407920837402,7.001259803771973,6.714118957519531,6.9523138999938965,98074911
2024-06-29,6.594273090362549,6.8705010414123535,6.589271068572998,6.7144951820373535,79391806
2024-06-30,6.720983028411865,6.731276035308838,6.5528130531311035,6.594711780548096,81249366
2024-07-01,6.809518814086914,6.838881969451904,6.688289165496826,6.720955848693848,91817835
2024-07-02,6.797080993652344,6.951336860656738,6.783688068389893,6.8091230392456055,103934727
2024-07-03,6.372374057769775,6.8477277755737305,6.285378932952881,6.797582149505615,180687761
2024-07-04,5.990478038787842,6.384434223175049,5.9883270263671875,6.371912956237793,240807406
2024-07-05,5.707789897918701,5.991520881652832,5.134652137756348,5.988865852355957,380576698
2024-07-06,6.077685832977295,6.148876190185547,5.691878795623779,5.707849979400635,119977405
2024-07-07,5.789626121520996,6.095814228057861,5.772799015045166,6.077606201171875,114191354
2024-07-08,5.827038764953613,6.218088150024414,5.609214782714844,5.789804935455322,182248071
2024-07-09,5.935657978057861,5.969285011291504,5.786993980407715,5.826167106628418,129225754
2024-07-10,6.035294055938721,6.074196815490723,5.8542160987854,5.936069965362549,92241589
2024-07-11,5.940021991729736,6.15579891204834,5.929773807525635,6.03539514541626,101539755
2024-07-12,6.153417110443115,6.153417110443115,5.873929977416992,5.940032005310059,98869878
2024-07-13,6.211349964141846,6.26442289352417,6.128168106079102,6.15312385559082,72862663
2024-07-14,6.226527214050293,6.26462984085083,6.1071038246154785,6.211023807525635,79829257
2024-07-15,6.5078911781311035,6.5078911781311035,6.225034236907959,6.2269978523254395,113074057
2024-07-16,6.613368034362793,6.648199081420898,6.276856899261475,6.507742881774902,152107981
2024-07-17,6.4898881912231445,6.789406776428223,6.48897123336792,6.613598823547363,120701838
2024-07-18,6.310193061828613,6.570944786071777,6.24921178817749,6.4877610206604,108407907
2024-07-19,6.508485794067383,6.558201789855957,6.199916839599609,6.310423851013184,119529711
2024-07-20,6.5279459953308105,6.586887836456299,6.444949150085449,6.5084638595581055,83733422
2024-07-21,6.540921211242676,6.545520782470703,6.247669219970703,6.527803897857666,106209847
2024-07-22,6.2690300941467285,6.57302188873291,6.248528003692627,6.540921211242676,236550109
2024-07-23,6.173941135406494,6.323041915893555,6.095976829528809,6.269043922424316,119302241
2024-07-24,6.021907806396484,6.299861907958984,5.992900848388672,6.174107074737549,91172851
2024-07-25,5.921974182128906,6.040030002593994,5.706891059875488,6.021907806396484,131665005
2024-07-26,6.171648979187012,6.190095901489258,5.916089057922363,5.921979904174805,102708689
2024-07-27,6.345902919769287,6.382775783538818,6.136034965515137,6.171648979187012,101951706
2024-07-28,6.221149921417236,6.3918890953063965,6.193799018859863,6.345902919769287,82316906
2024-07-29,6.109739780426025,6.363399982452393,6.105218887329102,6.221144199371338,118259324
2024-07-30,6.005259037017822,6.190398216247559,5.960758209228516,6.109739780426025,92279883
2024-07-31,5.809205055236816,6.077513217926025,5.789394855499268,6.005259990692139,89333173
2024-08-01,5.7823920249938965,5.862847805023193,5.523667812347412,5.809247016906738,102809823
2024-08-02,5.356243133544922,5.798027992248535,5.246356964111328,5.7823920249938965,136877062
2024-08-03,5.129634857177734,5.406101226806641,5.020578861236572,5.356266975402832,106859189
2024-08-04,5.039577007293701,5.209251880645752,4.825026035308838,5.129634857177734,117810847
2024-08-05,4.652442932128906,5.087438106536865,4.08928918838501,5.039577007293701,284657849
2024-08-06,4.898070812225342,4.969587802886963,4.649052143096924,4.652377128601074,111432807
2024-08-07,4.835784912109375,5.043304920196533,4.757153034210205,4.898070812225342,96475096
2024-08-08,5.1487250328063965,5.1671319007873535,4.761733055114746,4.835790157318115,119822505
2024-08-09,5.089173793792725,5.1520161628723145,4.947503089904785,5.148725986480713,85864685
2024-08-10,5.206541061401367,5.246908187866211,5.027388095855713,5.089173793792725,68790572
2024-08-11,4.90261697769165,5.238420009613037,4.879651069641113,5.206567764282227,80465136
2024-08-12,5.073093891143799,5.147243976593018,4.901269912719727,4.902612209320068,97540956
2024-08-13,5.007931232452393,5.0780558586120605,4.90222692489624,5.0731940269470215,80970853
2024-08-14,4.774126052856445,5.008088111877441,4.738484859466553,5.007931232452393,94328605
2024-08-15,4.5154008865356445,4.80698299407959,4.486402988433838,4.774126052856445,122212906
2024-08-16,4.561169147491455,4.608293056488037,4.447717189788818,4.515388011932373,88733830
2024-08-17,4.610621929168701,4.666133880615234,4.533291816711426,4.561169147491455,52886160
2024-08-18,4.566294193267822,4.713139057159424,4.563872814178467,4.610630989074707,63476499
2024-08-19,4.6351518630981445,4.640081882476807,4.525454044342041,4.566294193267822,75313707
2024-08-20,4.7913360595703125,4.829790115356445,4.628513813018799,4.635178089141846,94017145
2024-08-21,4.748807907104492,4.819366931915283,4.633592128753662,4.7913360595703125,94462869
2024-08-22,4.692570209503174,4.793087959289551,4.6650710105896,4.748779773712158,99629182
2024-08-23,5.099201202392578,5.135359764099121,4.691492080688477,4.692570209503174,130892132
2024-08-24,5.345083236694336,5.440277099609375,5.085064888000488,5.099236011505127,124829352
2024-08-25,5.063717842102051,5.348793983459473,5.012251853942871,5.345083236694336,183403596
2024-08-26,4.896784782409668,5.111443042755127,4.884007930755615,5.063717842102051,114549137
2024-08-27,4.598259925842285,5.020840167999268,4.532540798187256,4.896784782409668,140470456
2024-08-28,4.597292900085449,4.784779071807861,4.461692810058594,4.598259925842285,117065844
2024-08-29,4.606345176696777,4.73527193069458,4.537838935852051,4.597292900085449,71799902
2024-08-30,4.6446380615234375,4.661189079284668,4.462347030639648,4.606345176696777,80986159
2024-08-31,4.558492183685303,4.692069053649902,4.517340183258057,4.6446380615234375,51396620
2024-09-01,4.306014060974121,4.5595808029174805,4.280869007110596,4.558502197265625,67562260
2024-09-02,4.43753719329834,4.4734787940979,4.290359973907471,4.305996894836426,76465555
2024-09-03,4.10825777053833,4.503907203674316,4.108242034912109,4.4375319480896,93721959
2024-09-04,4.070438861846924,4.134137153625488,3.9455549716949463,4.108180046081543,130250900
2024-09-05,3.905447006225586,4.09078311920166,3.8673250675201416,4.070438861846924,124185933
2024-09-06,3.7159900665283203,3.968632936477661,3.6359450817108154,3.905447006225586,159826305
2024-09-07,3.6660869121551514,3.7767229080200195,3.641998052597046,3.7159900665283203,110860061
2024-09-08,3.803571939468384,3.829482078552246,3.6615729331970215,3.6660869121551514,109401445
2024-09-09,4.089437961578369,4.107091903686523,3.803571939468384,3.803571939468384,130438132
2024-09-10,4.133987903594971,4.169626235961914,4.040468215942383,4.0894551277160645,94258637
2024-09-11,4.164055824279785,4.206761837005615,4.021390914916992,4.133987903594971,108837082
2024-09-12,4.143356800079346,4.175221920013428,4.063356876373291,4.164055824279785,84937872
2024-09-13,4.2101030349731445,4.254300117492676,4.126216888427734,4.143356800079346,99608781
2024-09-14,4.239842891693115,4.247274875640869,4.153213977813721,4.2101030349731445,64156514
2024-09-15,4.062117099761963,4.251412868499756,4.043659210205078,4.239770889282227,65372336
2024-09-16,3.9719901084899902,4.062388896942139,3.9269330501556396,4.062117099761963,87801465
2024-09-17,4.189509868621826,4.236694812774658,3.943311929702759,3.9719901084899902,97267349
2024-09-18,4.368452072143555,4.368948936462402,4.108044147491455,4.189509868621826,130618309
2024-09-19,4.509688854217529,4.611637115478516,4.368524074554443,4.368524074554443,128233278
2024-09-20,4.525493144989014,4.586618900299072,4.441902160644531,4.509673118591309,125896713
2024-09-21,4.720376014709473,4.72280216217041,4.469387054443359,4.525493144989014,84979357
2024-09-22,4.59576416015625,4.724333763122559,4.494430065155029,4.720376014709473,102115863
2024-09-23,4.581383228302002,4.702005863189697,4.527504920959473,4.59576416015625,126053270
2024-09-24,4.821231842041016,4.842782974243164,4.501333236694336,4.581383228302002,134822691
2024-09-25,4.778659820556641,4.963408946990967,4.750671863555908,4.821165084838867,135913582
2024-09-26,5.00974178314209,5.09104585647583,4.708780765533447,4.778659820556641,158425816
2024-09-27,5.14304780960083,5.184060096740723,5.005044937133789,5.00974178314209,127170769
2024-09-28,5.018680095672607,5.159212112426758,4.947971820831299,5.14304780960083,80523594
2024-09-29,5.030847072601318,5.123538970947266,4.9605560302734375,5.018680095672607,90730322
2024-09-30,4.728439807891846,5.052424907684326,4.702229022979736,5.030847072601318,123745265
2024-10-01,4.446817874908447,4.898114204406738,4.279202938079834,4.728426933288574,169978883
2024-10-02,4.438155174255371,4.570948123931885,4.355526924133301,4.446817874908447,120507057
2024-10-03,4.380321979522705,4.498076915740967,4.236911773681641,4.438103199005127,119317976
2024-10-04,4.615434169769287,4.623149871826172,4.364898204803467,4.380321979522705,83549517
2024-10-05,4.631184101104736,4.710827827453613,4.568733215332031,4.615434169769287,56182805
2024-10-06,4.644476890563965,4.644476890563965,4.555563926696777,4.631184101104736,50689617
2024-10-07,4.423182964324951,4.786044120788574,4.422156810760498,4.644476890563965,114735647
2024-10-08,4.344848155975342,4.4632887840271,4.317368984222412,4.423182964324951,84600551
2024-10-09,4.228868007659912,4.383545875549316,4.1754961013793945,4.344848155975342,81921536
2024-10-10,4.132820129394531,4.281005859375,4.053142070770264,4.228868007659912,85890870
2024-10-11,4.2753729820251465,4.295372009277344,4.111924171447754,4.132833957672119,70919484
2024-10-12,4.35061502456665,4.38588285446167,4.275238990783691,4.2753729820251465,59474502
2024-10-13,4.336760997772217,4.359525203704834,4.222043037414551,4.35061502456665,63295658
2024-10-14,4.510872840881348,4.524145126342773,4.3016180992126465,4.336760997772217,91242358
2024-10-15,4.481296062469482,4.574228763580322,4.38291597366333,4.510872840881348,121984483
2024-10-16,4.440074920654297,4.509064197540283,4.396751880645752,4.481274127960205,85995910
2024-10-17,4.298859119415283,4.462710857391357,4.246214866638184,4.440074920654297,78196776
2024-10-18,4.350519180297852,4.390092849731445,4.288616180419922,4.298978805541992,88195464
2024-10-19,4.466483116149902,4.485300064086914,4.350519180297852,4.350519180297852,64937318
2024-10-20,4.683897018432617,4.684153079986572,4.39677619934082,4.466483116149902,85429886
2024-10-21,4.900990009307861,5.076523780822754,4.683897018432617,4.683897018432617,254884604
2024-10-22,4.783627033233643,4.956968784332275,4.704635143280029,4.900990009307861,121745080
2024-10-23,4.621182918548584,4.848543167114258,4.565247058868408,4.783677101135254,113271576
2024-10-24,4.835343837738037,4.83562707901001,4.570651054382324,4.620061874389648,85190808
2024-10-25,4.3951520919799805,4.843608856201172,4.299755096435547,4.835343837738037,144145234
2024-10-26,4.369682788848877,4.49964714050293,4.306731224060059,4.3951520919799805,96615682
2024-10-27,4.449714183807373,4.4623332023620605,4.3206610679626465,4.369682788848877,60772730
2024-10-28,4.458471775054932,4.495530128479004,4.28397798538208,4.449714183807373,97835604
2024-10-29,4.531562805175781,4.602071762084961,4.437179088592529,4.458475112915039,120968127
2024-10-30,4.455388069152832,4.531972885131836,4.382116794586182,4.531562805175781,94878116
2024-10-31,4.232467174530029,4.463710784912109,4.192564010620117,4.455388069152832,88089786
2024-11-01,4.1709418296813965,4.292370796203613,4.118281841278076,4.232473850250244,85708278
2024-11-02,4.092436790466309,4.2161431312561035,4.0563788414001465,4.1709418296813965,56339650
2024-11-03,3.9796009063720703,4.1102118492126465,3.879956007003784,4.092436790466309,99464926
2024-11-04,3.9115920066833496,4.0124897956848145,3.8408420085906982,3.9796009063720703,82476183
2024-11-05,4.2027268409729,4.211263179779053,3.9115869998931885,3.9115920066833496,90719322
2024-11-06,4.517258167266846,4.536390781402588,4.2027587890625,4.2027587890625,160702475
2024-11-07,4.52831506729126,4.64994478225708,4.473177909851074,4.517271995544434,126240032
2024-11-08,4.707364082336426,4.707364082336426,4.470746040344238,4.528317928314209,140052648
2024-11-09,4.798704147338867,4.828036785125732,4.643105983734131,4.707402229309082,139587490
2024-11-10,5.264926910400391,5.5258049964904785,4.729796886444092,4.798695087432861,448646889
2024-11-11,5.666094779968262,5.67037296295166,5.180499076843262,5.264926910400391,331468179
2024-11-12,5.3314619064331055,5.825672149658203,5.146221160888672,5.666094779968262,413212883
2024-11-13,5.1218180656433105,5.356726169586182,4.855091094970703,5.3313069343566895,372844541
2024-11-14,4.951432228088379,5.2954421043396,4.891060829162598,5.1218180656433105,227849540
2024-11-15,5.2643351554870605,5.291997909545898,4.840069770812988,4.951196193695068,254133292
2024-11-16,6.1060471534729,6.191568851470947,5.253229141235352,5.254779815673828,317540558
2024-11-17,5.680302143096924,6.614408016204834,5.592473983764648,6.1060471534729,505771684
2024-11-18,6.467130184173584,6.573884963989258,5.679590225219727,5.680190086364746,397194178
2024-11-19,6.273525238037109,6.776531219482422,6.157845973968506,6.467130184173584,433065377
2024-11-20,6.2052202224731445,6.633092880249023,6.102713108062744,6.273525238037109,306172290
2024-11-21,6.426659107208252,6.4916911125183105,6.013754844665527,6.204681873321533,346078345
2024-11-22,7.527681827545166,7.593194961547852,6.345661163330078,6.426878929138184,677866825
2024-11-23,8.22242546081543,8.818058013916016,7.475258827209473,7.527681827545166,933525356
2024-11-24,8.750693321228027,9.511998176574707,8.095687866210938,8.222386360168457,1207401365
2024-11-25,7.9412078857421875,8.825240135192871,7.794270992279053,8.750693321228027,472423321
2024-11-26,8.01467514038086,8.128725051879883,7.5181498527526855,7.941595077514648,433937203
2024-11-27,8.334798812866211,8.379000663757324,7.817568778991699,8.01453971862793,342906493
2024-11-28,8.23690414428711,8.388772964477539,7.913362979888916,8.334798812866211,265764612
2024-11-29,8.76858139038086,8.794449806213379,8.065893173217773,8.236906051635742,284988663
2024-11-30,8.588020324707031,8.845001220703125,8.423213005065918,8.768528938293457,315960389
2024-12-01,8.918917655944824,9.020369529724121,8.323624610900879,8.587942123413086,350117502
2024-12-02,9.505504608154297,9.505837440490723,8.357953071594238,8.918846130371094,748874829
2024-12-03,9.607383728027344,10.002119064331055,9.016631126403809,9.505602836608887,762967079
2024-12-04,9.933279991149902,10.638888359069824,9.486871719360352,9.607383728027344,820196534
2024-12-05,9.659669876098633,10.061860084533691,9.441813468933105,9.933279991149902,651018327
2024-12-06,10.420402526855469,10.57913875579834,9.54283332824707,9.589889526367188,540450479
2024-12-07,10.202282905578613,10.553523063659668,10.044042587280273,10.420374870300293,328526587
2024-12-08,10.1338472366333,10.42185115814209,9.86850357055664,10.235944747924805,320231283
2024-12-09,8.427104949951172,10.1338472366333,7.821972846984863,10.1338472366333,603596737
2024-12-10,7.944005012512207,8.53474235534668,7.285201072692871,8.427072525024414,670401100
2024-12-11,8.830166816711426,8.916646003723145,7.625690937042236,7.944299221038818,403718853
2024-12-12,8.945184707641602,9.278326034545898,8.631098747253418,8.830166816711426,450420916
2024-12-13,9.194757461547852,9.250153541564941,8.75743579864502,8.945311546325684,400946814
2024-12-14,8.96639347076416,9.33749771118164,8.668012619018555,9.195072174072266,299861898
2024-12-15,9.096175193786621,9.282493591308594,8.699593544006348,8.96639347076416,296465422
2024-12-16,8.89153003692627,9.283119201660156,8.659897804260254,9.096298217773438,354965553
2024-12-17,8.525102615356445,8.957324981689453,8.410107612609863,8.891523361206055,301258839
2024-12-18,7.651524066925049,8.645405769348145,7.645567893981934,8.525138854980469,457265605
2024-12-19,6.842153072357178,7.684263229370117,6.649831771850586,7.6514129638671875,447151154
2024-12-20,6.909794807434082,7.067771911621094,5.858919143676758,6.8414387702941895,453125570
2024-12-21,6.5168609619140625,7.332805156707764,6.448245048522949,6.909780979156494,277281618
2024-12-22,6.398767948150635,6.72052001953125,6.263873100280762,6.5168609619140625,207994073
2024-12-23,6.93660306930542,7.065606117248535,6.249695777893066,6.398731231689453,238394193
2024-12-24,7.050849914550781,7.176638126373291,6.723381996154785,6.93660306930542,198352302
2024-12-25,6.9351677894592285,7.095376014709473,6.836225986480713,7.050088882446289,165206635
2024-12-26,6.481400966644287,6.992071151733398,6.433176040649414,6.9348578453063965,166262883
2024-12-27,6.448173999786377,6.785229206085205,6.416310787200928,6.481398105621338,150511836
2024-12-28,6.602363109588623,6.647891044616699,6.388648986816406,6.448543071746826,119794111
2024-12-29,6.289590835571289,6.642685890197754,6.236307144165039,6.602363109588623,119216030
2024-12-30,6.3427510261535645,6.550726890563965,6.1263837814331055,6.289590835571289,160453095
2024-12-31,6.185038089752197,6.487332820892334,6.170876979827881,6.3427510261535645,142211452
2025-01-01,6.527606964111328,6.620459079742432,6.051815032958984,6.185054779052734,149462127
2025-01-02,6.698767185211182,6.769230842590332,6.526997089385986,6.527928829193115,163471153
2025-01-03,7.403657913208008,7.45354700088501,6.674623012542725,6.6988067626953125,227729992
2025-01-04,7.299886226654053,7.4416961669921875,7.250821113586426,7.403738975524902,164327922
2025-01-05,7.343753814697266,7.354825019836426,7.157307147979736,7.299872875213623,147967141
2025-01-06,7.455204010009766,7.619876861572266,7.229803085327148,7.343725204467773,217570747
2025-01-07,6.780766010284424,7.738389015197754,6.780692100524902,7.4552459716796875,311803893
2025-01-08,6.467558860778809,6.860380172729492,6.196713924407959,6.780766010284424,235207807
2025-01-09,6.389211177825928,6.584887981414795,6.258124828338623,6.467558860778809,189526877
2025-01-10,6.648062229156494,6.66774320602417,6.3817219734191895,6.389214038848877,185391209
2025-01-11,6.614790916442871,6.7235941886901855,6.523107051849365,6.648078918457031,112898950
2025-01-12,6.458796977996826,6.688899040222168,6.372803211212158,6.614789962768555,130781500
2025-01-13,6.282826900482178,6.683201789855957,5.9717512130737305,6.459413051605225,235213901
2025-01-14,6.275489807128906,6.309165000915527,6.070429801940918,6.282826900482178,152529013
2025-01-15,6.678083896636963,6.683423042297363,6.158804893493652,6.275487899780273,227439059
2025-01-16,6.5878520011901855,6.779213905334473,6.462051868438721,6.6780009269714355,178610640
2025-01-17,7.062733173370361,7.152432918548584,6.5871710777282715,6.5878520011901855,223242887
2025-01-18,6.595145225524902,7.1600117683410645,6.456346035003662,7.062733173370361,196098920
2025-01-19,5.889194011688232,6.755896091461182,5.833748817443848,6.595145225524902,300582340
2025-01-20,6.0693678855896,6.478207111358643,5.718148231506348,5.888899803161621,366399952
2025-01-21,6.231988906860352,6.346346855163574,5.849374771118164,6.069347858428955,211578665
2025-01-22,6.192391872406006,6.320166110992432,6.119475841522217,6.23225212097168,167870003
2025-01-23,6.118639945983887,6.2101640701293945,5.8658127784729,6.192298889160156,215651065
2025-01-24,6.208316802978516,6.4061479568481445,5.9635820388793945,6.118639945983887,173651792
2025-01-25,6.193554878234863,6.285171985626221,6.147909164428711,6.208364009857178,138825700
2025-01-26,6.105193138122559,6.406307220458984,6.093995094299316,6.193554878234863,166698505
2025-01-27,5.985714912414551,6.116339206695557,5.55943489074707,6.105195045471191,236922211
2025-01-28,5.672664165496826,6.059384822845459,5.626739978790283,5.985730171203613,138533809
2025-01-29,5.825966835021973,5.970799922943115,5.660147190093994,5.6728692054748535,153843793
2025-01-30,6.218666076660156,6.2642822265625,5.783569812774658,5.8260111808776855,135663952
2025-01-31,6.236390113830566,6.409915924072266,6.122861862182617,6.2186408042907715,141030811
2025-02-01,5.834677219390869,6.404284954071045,5.8056440353393555,6.2359819412231445,131314076
2025-02-02,4.866880893707275,5.922990798950195,4.727810859680176,5.834726810455322,284963789
2025-02-03,4.926319122314453,4.961594104766846,3.9147329330444336,4.867088794708252,604515963
2025-02-04,4.6947832107543945,4.970578193664551,4.416409015655518,4.926314830780029,241429644
2025-02-05,4.678768157958984,4.830904006958008,4.6501312255859375,4.694672107696533,158239771
2025-02-06,4.404635906219482,4.727721214294434,4.3715081214904785,4.678768157958984,166694639
2025-02-07,4.368864059448242,4.669301986694336,4.266210079193115,4.404638767242432,194760056
2025-02-08,4.573163032531738,4.588141918182373,4.331793785095215,4.368864059448242,96474371
2025-02-09,4.577904224395752,4.778678894042969,4.400787830352783,4.573109149932861,134845191
2025-02-10,4.813378810882568,4.835773944854736,4.4469099044799805,4.577904224395752,133451523
2025-02-11,4.708156108856201,4.975718021392822,4.642075061798096,4.813378810882568,140267166
2025-02-12,5.0794358253479,5.089672088623047,4.553936004638672,4.708590030670166,171465018
2025-02-13,4.991087913513184,5.142949104309082,4.940859794616699,5.07952880859375,135258573
2025-02-14,4.9160380363464355,5.076821804046631,4.877975940704346,4.991046905517578,162991745
2025-02-15,4.830593109130859,5.038173198699951,4.799624919891357,4.915740966796875,109138861
2025-02-16,4.760387897491455,4.871975898742676,4.736786842346191,4.83054780960083,91246050
2025-02-17,4.815004825592041,4.934688091278076,4.725299835205078,4.760634899139404,130355913
2025-02-18,4.564886093139648,4.885847091674805,4.4568681716918945,4.814809799194336,127249433
2025-02-19,4.68696403503418,4.695332050323486,4.502511978149414,4.564874172210693,99547123
2025-02-20,4.923622131347656,4.9732489585876465,4.675842761993408,4.68696403503418,125249917
2025-02-21,4.764019012451172,5.0758280754089355,4.688601016998291,4.923634052276611,157141845
2025-02-22,4.964460849761963,5.013041019439697,4.757367134094238,4.7638959884643555,126105522
2025-02-23,4.875960826873779,5.015635967254639,4.830725193023682,4.964460849761963,103006436
2025-02-24,4.3561110496521,4.889224052429199,4.336432933807373,4.875947952270508,160673369
2025-02-25,4.454794883728027,4.53265905380249,4.143127918243408,4.356043815612793,251976489
2025-02-26,4.593542098999023,4.680700778961182,4.417087078094482,4.45486307144165,161643226
2025-02-27,4.563659191131592,4.772641181945801,4.483251094818115,4.5935540199279785,120812364
2025-02-28,4.635270118713379,4.658078193664551,4.2097859382629395,4.563659191131592,184597304
2025-03-01,4.493524074554443,4.652031898498535,4.428438186645508,4.635268211364746,95475217
2025-03-02,4.905646800994873,4.915493011474609,4.415472984313965,4.493289947509766,180830577
2025-03-03,4.226728916168213,4.936556816101074,4.156681060791016,4.905642032623291,183283792
2025-03-04,4.162651062011719,4.243156909942627,3.91377592086792,4.226798057556152,206639020
2025-03-05,4.3320841789245605,4.347255229949951,4.109692096710205,4.162505149841309,121550009
2025-03-06,4.262395858764648,4.430293083190918,4.241022109985352,4.3320841789245605,107387625
2025-03-07,4.257638931274414,4.434092044830322,4.087954044342041,4.262395858764648,153590539
2025-03-08,4.108168125152588,4.270969867706299,4.081326961517334,4.257638931274414,83337598
2025-03-09,3.8021740913391113,4.127603054046631,3.7552330493927,4.108173847198486,108652366
2025-03-10,3.5922129154205322,4.029085159301758,3.5922129154205322,3.802109956741333,156614958
2025-03-11,3.88093900680542,3.9832348823547363,3.417220115661621,3.591546058654785,193531000
2025-03-12,3.8926069736480713,3.9602510929107666,3.759521961212158,3.8808178901672363,119959804
2025-03-13,3.9064888954162598,3.9489259719848633,3.79148006439209,3.892554998397827,112173874
2025-03-14,4.288280010223389,4.3043599128723145,3.9001340866088867,3.9063920974731445,126207569
2025-03-15,4.651373863220215,4.712319850921631,4.237626075744629,4.288112163543701,177838452
2025-03-16,4.626160144805908,4.717432975769043,4.51400899887085,4.651409149169922,153345682
2025-03-17,4.632328033447266,4.728248119354248,4.540472030639648,4.62619686126709,161063156
2025-03-18,4.726139068603516,4.816266059875488,4.540438175201416,4.632383823394775,215903605
2025-03-19,4.7511138916015625,4.754726886749268,4.5851287841796875,4.726339817047119,156192436
2025-03-20,4.678826808929443,4.8371171951293945,4.614113807678223,4.751269817352295,126616766
2025-03-21,4.591537952423096,4.7145771980285645,4.478951930999756,4.678793907165527,110744991
2025-03-22,4.877638816833496,5.033412933349609,4.587512016296387,4.591538906097412,140393468
2025-03-23,4.803366184234619,4.88746976852417,4.687428951263428,4.877638816833496,118401342
2025-03-24,4.951972007751465,4.990837097167969,4.761613845825195,4.803391933441162,144642276
2025-03-25,4.840895175933838,5.008775234222412,4.801122188568115,4.951533794403076,136451149
2025-03-26,4.885846138000488,4.973595142364502,4.7816338539123535,4.840895175933838,142921373
2025-03-27,4.811305046081543,4.957441806793213,4.748770236968994,4.885846138000488,111212755
2025-03-28,4.546014785766602,4.819547176361084,4.500290870666504,4.811287879943848,114419026
2025-03-29,4.2431511878967285,4.553633213043213,4.17772912979126,4.5460429191589355,103584246
2025-03-30,4.313941955566406,4.38893985748291,4.194039821624756,4.2431511878967285,87602266
2025-03-31,4.3736958503723145,4.457783222198486,4.184300899505615,4.313945770263672,105575455
2025-04-01,4.375486850738525,4.537558078765869,4.349070072174072,4.3736958503723145,90410010
2025-04-02,4.222219944000244,4.57920503616333,4.1499152183532715,4.375443935394287,137627930
2025-04-03,4.642675876617432,4.705367088317871,4.209014892578125,4.222167015075684,161003933
2025-04-04,4.978067874908447,5.070943832397461,4.620757102966309,4.642675876617432,271712582
2025-04-05,4.8052978515625,4.999382019042969,4.772067070007324,4.978067874908447,114269386
2025-04-06,4.438739776611328,4.823722839355469,4.390520095825195,4.805283069610596,174667268
2025-04-07,4.333686828613281,4.551112174987793,4.052950859069824,4.438916206359863,258429934
2025-04-08,4.163844108581543,4.419538974761963,4.116775035858154,4.334023952484131,137013652
2025-04-09,4.533537864685059,4.57273006439209,4.025650978088379,4.163793087005615,183963288
2025-04-10,4.334009170532227,4.535042762756348,4.2411699295043945,4.533692836761475,127358977
2025-04-11,4.244882106781006,4.405159950256348,4.20827579498291,4.334009170532227,125740681
2025-04-12,4.352557182312012,4.392920970916748,4.171393871307373,4.244882106781006,113531959
2025-04-13,4.144314765930176,4.3853302001953125,4.07950496673584,4.352557182312012,112603247
2025-04-14,4.128220081329346,4.264947891235352,4.069101810455322,4.144326210021973,134238015
2025-04-15,3.979741096496582,4.179426193237305,3.978610038757324,4.128220081329346,88834639
2025-04-16,4.020336151123047,4.08589506149292,3.944288969039917,3.9797699451446533,95982163
2025-04-17,4.110084056854248,4.186473846435547,3.9958109855651855,4.020287990570068,100106623
2025-04-18,4.124811172485352,4.219453811645508,4.076597213745117,4.110084056854248,69946719
2025-04-19,4.213149070739746,4.244966983795166,4.122848033905029,4.124811172485352,72797958
2025-04-20,4.154053211212158,4.258553981781006,4.107968807220459,4.213180065155029,70422659
2025-04-21,4.063902854919434,4.289668083190918,4.050392150878906,4.154053211212158,106428742
2025-04-22,4.310328960418701,4.330495834350586,3.992466926574707,4.063900947570801,143413698
2025-04-23,4.407393932342529,4.439651966094971,4.289991855621338,4.310328960418701,137171356
2025-04-24,4.5510687828063965,4.605827808380127,4.291791915893555,4.407412052154541,132855857
2025-04-25,4.544546127319336,4.622698783874512,4.432900905609131,4.5510687828063965,106479634
2025-04-26,4.59110689163208,4.729957103729248,4.544465065002441,4.544589042663574,115928389
2025-04-27,4.384881019592285,4.617002964019775,4.376025199890137,4.59110689163208,132058981
2025-04-28,4.462225914001465,4.494255065917969,4.293391227722168,4.384900093078613,91688487
2025-04-29,4.380782127380371,4.534721851348877,4.344939231872559,4.462225914001465,81775297
2025-04-30,4.300281047821045,4.425165176391602,4.239474773406982,4.380773067474365,82449548
2025-05-01,4.4285688400268555,4.479039192199707,4.298719882965088,4.300306797027588,70641310
2025-05-02,4.367852210998535,4.506173133850098,4.334587097167969,4.428654193878174,74341439
2025-05-03,4.223286151885986,4.368442058563232,4.1770148277282715,4.367849826812744,62986083
2025-05-04,4.095193862915039,4.241567134857178,4.073738098144531,4.223282814025879,75357394
2025-05-05,4.0702691078186035,4.194737911224365,4.058409214019775,4.095193862915039,84237374
2025-05-06,4.111198902130127,4.118812084197998,3.9963369369506836,4.070106029510498,77232598
2025-05-07,4.16804313659668,4.185998916625977,4.089300155639648,4.111161231994629,112348514
2025-05-08,4.534339904785156,4.572749137878418,4.161922931671143,4.16804313659668,109795951
2025-05-09,4.935945987701416,4.992946147918701,4.5287580490112305,4.534339904785156,190730446
2025-05-10,5.376644134521484,5.3803391456604,4.873222827911377,4.935945987701416,156349687
2025-05-11,5.3111701011657715,5.411837100982666,5.129024028778076,5.376598834991455,130593422
2025-05-12,5.236155033111572,5.476833820343018,5.150158882141113,5.311378002166748,159243164
2025-05-13,5.282489776611328,5.358108043670654,5.007294178009033,5.23616886138916,132647329
2025-05-14,5.094409942626953,5.337193012237549,5.0564751625061035,5.282489776611328,101667319
2025-05-15,4.859989166259766,5.123855113983154,4.775363922119141,5.094409942626953,132569538
2025-05-16,4.811340808868408,4.977578163146973,4.790507793426514,4.859992027282715,89854042
2025-05-17,4.7184271812438965,4.823758125305176,4.666713237762451,4.811340808868408,89853136
2025-05-18,4.9665398597717285,5.120634078979492,4.6682820320129395,4.7184271812438965,159869554
2025-05-19,4.783949851989746,4.994711875915527,4.594037055969238,4.965713977813721,119647458
2025-05-20,4.8463921546936035,4.8740949630737305,4.666880130767822,4.783949851989746,98023611
2025-05-21,4.983259201049805,5.055801868438721,4.797776222229004,4.8463921546936035,139656539
2025-05-22,5.214661121368408,5.2249979972839355,4.979175090789795,4.983259201049805,143456501
2025-05-23,4.790618896484375,5.336854934692383,4.781464099884033,5.214645862579346,177875394
2025-05-24,4.721083164215088,4.854074001312256,4.699422836303711,4.790942192077637,104253721
2025-05-25,4.793062210083008,4.814806938171387,4.583868980407715,4.721083164215088,113831155
2025-05-26,4.778651237487793,4.945400238037109,4.753456115722656,4.792932033538818,98426724
2025-05-27,4.757533073425293,4.953201770782471,4.690145015716553,4.7786359786987305,125746055
2025-05-28,4.8353400230407715,4.848865985870361,4.6485772132873535,4.757368087768555,110155109
2025-05-29,4.612863063812256,4.911574840545654,4.611782073974609,4.8353657722473145,113251383
2025-05-30,4.294672012329102,4.6357879638671875,4.274144172668457,4.612758159637451,147929726
2025-05-31,4.3507280349731445,4.391500949859619,4.204945087432861,4.294684886932373,100754379
2025-06-01,4.3664350509643555,4.3838300704956055,4.269816875457764,4.3507280349731445,72267741
2025-06-02,4.470814228057861,4.488879203796387,4.264602184295654,4.366448879241943,86158844
2025-06-03,4.417520046234131,4.526308059692383,4.396152019500732,4.470816135406494,96854954
2025-06-04,4.279101848602295,4.463990211486816,4.252926826477051,4.417500019073486,96386994
2025-06-05,4.092250823974609,4.345384120941162,4.043980121612549,4.2791619300842285,124199996
2025-06-06,4.184267044067383,4.291384220123291,4.080783843994141,4.09222412109375,107482295
2025-06-07,4.309267044067383,4.330235958099365,4.178898811340332,4.184267044067383,65239204
2025-06-08,4.2676520347595215,4.32584810256958,4.2128682136535645,4.309330940246582,76613486
2025-06-09,4.435802936553955,4.4414191246032715,4.21541690826416,4.2676520347595215,95938134
2025-06-10,4.597212791442871,4.6206159591674805,4.384552001953125,4.435802936553955,139317790
2025-06-11,4.510848045349121,4.61806583404541,4.4654059410095215,4.597272872924805,129928568
2025-06-12,4.236670017242432,4.5109782218933105,4.236396789550781,4.510848045349121,109264116
2025-06-13,4.130983829498291,4.236670017242432,4.021965980529785,4.236670017242432,157168004
2025-06-14,4.091464042663574,4.159543991088867,4.028822898864746,4.1309380531311035,74580429
2025-06-15,4.093523025512695,4.130393028259277,4.013370037078857,4.091464042663574,70542032
2025-06-16,4.145318984985352,4.291916847229004,4.0679497718811035,4.093523025512695,86996608
2025-06-17,4.02857780456543,4.19247579574585,3.9805619716644287,4.145182132720947,103554683
2025-06-18,4.014912128448486,4.07260799407959,3.92514705657959,4.02864408493042,80243370
2025-06-19,4.039866924285889,4.0712199211120605,3.965606927871704,4.014912128448486,67624156
2025-06-20,3.929861068725586,4.080870151519775,3.839629888534546,4.0398759841918945,86960669
2025-06-21,3.781409978866577,3.9896750450134277,3.732180118560791,3.929861068725586,80948193
2025-06-22,3.716500997543335,3.841078996658325,3.5628859996795654,3.7814629077911377,151191823
2025-06-23,4.080686092376709,4.093377113342285,3.7122349739074707,3.7165720462799072,102594857
2025-06-24,4.073604106903076,4.136237144470215,3.9986159801483154,4.080686092376709,110651489
2025-06-25,4.000176906585693,4.079961776733398,3.9848790168762207,4.073604106903076,89575183
2025-06-26,3.894973039627075,4.058557987213135,3.894973039627075,4.000176906585693,77343737
2025-06-27,3.9251980781555176,3.9426069259643555,3.851902961730957,3.8949599266052246,67298393
2025-06-28,3.995666027069092,4.026939868927002,3.9209370613098145,3.9251980781555176,61967028
2025-06-29,4.206427097320557,4.227402210235596,3.966679096221924,3.995666027069092,73008446
2025-06-30,4.094664096832275,4.228233814239502,4.067914962768555,4.206427097320557,78517775
2025-07-01,3.9307188987731934,4.106965065002441,3.9197568893432617,4.094649791717529,66409979
2025-07-02,4.173092842102051,4.248394012451172,3.913316011428833,3.9307188987731934,94016581
2025-07-03,4.183225154876709,4.262701988220215,4.160645961761475,4.173050880432129,83679399
2025-07-04,4.0021138191223145,4.192630767822266,3.9650120735168457,4.183225154876709,79169667
2025-07-05,4.0119428634643555,4.031125068664551,3.9491329193115234,4.0021138191223145,53824624
2025-07-06,4.0797038078308105,4.131875038146973,3.9835550785064697,4.0119428634643555,61967468
2025-07-07,4.045331001281738,4.109164237976074,4.017228126525879,4.0797038078308105,63347576
2025-07-08,4.125860214233398,4.168982982635498,4.001335144042969,4.045345783233643,83254548
2025-07-09,4.313157081604004,4.358508110046387,4.09849214553833,4.125860214233398,122176714
2025-07-10,4.616069793701172,4.61908483505249,4.292177200317383,4.313157081604004,130781695
2025-07-11,4.646693229675293,4.786752223968506,4.562126159667969,4.616069793701172,211327648
2025-07-12,4.583495140075684,4.720458984375,4.503293991088867,4.646693229675293,109106344
2025-07-13,4.683666229248047,4.748117923736572,4.56943416595459,4.583495140075684,96603632
2025-07-14,4.554561138153076,4.849104881286621,4.49873685836792,4.683666229248047,149825112
2025-07-15,4.668866157531738,4.705148220062256,4.438938140869141,4.554561138153076,141120048
2025-07-16,4.7472381591796875,4.8719258308410645,4.613770961761475,4.668866157531738,142840898
2025-07-17,4.8693060874938965,4.894838809967041,4.647630214691162,4.7472381591796875,173210438
2025-07-18,4.855072975158691,5.151375770568848,4.799900054931641,4.87028694152832,219419390
2025-07-19,5.018535137176514,5.041797161102295,4.7670698165893555,4.855097770690918,125345139
2025-07-20,5.181465148925781,5.271944046020508,4.9930830001831055,5.018590927124023,161884683
2025-07-21,5.192873001098633,5.315650939941406,5.075809001922607,5.181465148925781,172102553
2025-07-22,5.109463214874268,5.20474910736084,4.935582160949707,5.192873001098633,174539680
2025-07-23,4.702119827270508,5.127941131591797,4.575512886047363,5.109463214874268,201785473
2025-07-24,4.624828815460205,4.796367168426514,4.484105110168457,4.702223777770996,157864145
2025-07-25,4.7090301513671875,4.725352764129639,4.5237908363342285,4.624828815460205,145714785
2025-07-26,4.766971111297607,4.8338751792907715,4.6738600730896,4.7090301513671875,78084069
2025-07-27,4.8747968673706055,4.886469841003418,4.741629123687744,4.766956806182861,81698557
2025-07-28,4.625327110290527,4.941739082336426,4.619472980499268,4.8747968673706055,145754354
2025-07-29,4.61250114440918,4.767983913421631,4.526188850402832,4.62542200088501,147192626
2025-07-30,4.418666839599609,4.614337921142578,4.274620056152344,4.61250114440918,172476409
2025-07-31,4.213045120239258,4.511052131652832,4.196599006652832,4.418652057647705,142641580
2025-08-01,4.149093151092529,4.255107879638672,4.072259902954102,4.212777137756348,188811166
2025-08-02,4.092273235321045,4.192354202270508,4.016634941101074,4.149093151092529,115574323
2025-08-03,4.274301052093506,4.278101921081543,4.059394836425781,4.092273235321045,88880313
2025-08-04,4.311882972717285,4.332909107208252,4.2400221824646,4.274301052093506,116244256
2025-08-05,4.226774215698242,4.313943862915039,4.147298812866211,4.311882972717285,126239874
2025-08-06,4.3258538246154785,4.339641094207764,4.13345193862915,4.226774215698242,108526771
2025-08-07,4.4672088623046875,4.467394828796387,4.294637203216553,4.3258538246154785,106481099
2025-08-08,4.604598045349121,4.654430866241455,4.423771858215332,4.467174053192139,231520226
2025-08-09,4.731931209564209,4.784986972808838,4.604343891143799,4.604569911956787,135611918
2025-08-10,4.663980007171631,4.795594215393066,4.588791847229004,4.731751918792725,115160020
2025-08-11,4.4928789138793945,4.767965793609619,4.4578118324279785,4.663980007171631,146793567
2025-08-12,4.700168132781982,4.776800155639648,4.475799083709717,4.4928789138793945,148180742
2025-08-13,4.858595848083496,4.885404109954834,4.660283088684082,4.699965000152588,180640427
2025-08-14,4.523952960968018,4.912565231323242,4.450778961181641,4.85858678817749,192215668
2025-08-15,4.455841064453125,4.627632141113281,4.34099006652832,4.523979187011719,142522683
2025-08-16,4.572152137756348,4.601554870605469,4.453216075897217,4.455873012542725,88325934
2025-08-17,4.626181125640869,4.753711223602295,4.552733898162842,4.572152137756348,105695341
2025-08-18,4.4652419090271,4.626676082611084,4.390388011932373,4.626172065734863,129590365
2025-08-19,4.286515235900879,4.507085800170898,4.2836689949035645,4.4652419090271,126719051
2025-08-20,4.470341205596924,4.503660202026367,4.273585796356201,4.2865800857543945,98449252
2025-08-21,4.424789905548096,4.510674953460693,4.404561996459961,4.470436096191406,114849973
2025-08-22,4.818039894104004,4.847609996795654,4.306168079376221,4.424789905548096,217553063
2025-08-23,4.885766983032227,4.9267168045043945,4.676214218139648,4.818068981170654,181415557
2025-08-24,4.785521030426025,4.960638999938965,4.654645919799805,4.8857831954956055,164010652
2025-08-25,4.416412830352783,4.844964981079102,4.402475833892822,4.785582065582275,231248070
2025-08-26,4.527410984039307,4.580566883087158,4.397383213043213,4.416060924530029,153385164
2025-08-27,4.4910101890563965,4.592291831970215,4.480441093444824,4.527369022369385,100236420
2025-08-28,4.78278923034668,4.796523094177246,4.472846984863281,4.491049766540527,137436574
2025-08-29,4.4836602210998535,4.800768852233887,4.435492038726807,4.782770156860352,167863254
2025-08-30,4.503921985626221,4.556722164154053,4.43165922164917,4.48364782333374,85493049
2025-08-31,4.466217994689941,4.610410213470459,4.465098857879639,4.503921985626221,83315804
2025-09-01,4.386580944061279,4.592392921447754,4.335020065307617,4.466217994689941,137879531
2025-09-02,4.427257061004639,4.463841915130615,4.355670928955078,4.386621952056885,106715176
2025-09-03,4.521029949188232,4.562379837036133,4.408594131469727,4.427257061004639,104027779
2025-09-04,4.395069122314453,4.536460876464844,4.345067024230957,4.521029949188232,109710658
2025-09-05,4.439848899841309,4.550137996673584,4.369369983673096,4.394746780395508,137060594
2025-09-06,4.411590099334717,4.455864906311035,4.364706993103027,4.439848899841309,75429744
2025-09-07,4.485191822052002,4.5063090324401855,4.411009788513184,4.411590099334717,89986416
2025-09-08,4.5429840087890625,4.590144157409668,4.478416919708252,4.485191822052002,133069677
2025-09-09,4.588640213012695,4.662450790405273,4.4979729652404785,4.5429840087890625,137458368
2025-09-10,4.678361892700195,4.710533142089844,4.562380790710449,4.588626861572266,130375070
2025-09-11,4.693695068359375,4.701569080352783,4.60676908493042,4.678109169006348,99163531
2025-09-12,4.750233173370361,4.7504048347473145,4.613234996795654,4.693617820739746,108902489
2025-09-13,4.826251029968262,4.8850998878479,4.743671894073486,4.750233173370361,155505964
2025-09-14,4.642557144165039,4.828010082244873,4.621006011962891,4.826251029968262,106289145
2025-09-15,4.508824825286865,4.673525810241699,4.464653968811035,4.642515182495117,133673847
2025-09-16,4.549313068389893,4.568680763244629,4.432861804962158,4.508863925933838,131727497
2025-09-17,4.610568046569824,4.637905120849609,4.461083889007568,4.549313068389893,119083534
2025-09-18,4.675648212432861,4.700429916381836,4.562497138977051,4.6106109619140625,114274621
2025-09-19,4.478713035583496,4.7464399337768555,4.461183071136475,4.675663948059082,120611791
2025-09-20,4.45267915725708,4.4975128173828125,4.431798934936523,4.478743076324463,85739454
2025-09-21,4.406612873077393,4.511406898498535,4.406349182128906,4.452733039855957,107232329
2025-09-22,4.161651134490967,4.41815710067749,4.089900970458984,4.406612873077393,176156886
2025-09-23,4.132288932800293,4.21506404876709,4.106112957000732,4.161651134490967,94638112
2025-09-24,4.1537041664123535,4.225056171417236,4.094167232513428,4.132174968719482,92971005
2025-09-25,4.0085768699646,4.163462162017822,3.9607350826263428,4.153782844543457,137816784
2025-09-26,4.117620944976807,4.1797990798950195,3.974817991256714,4.0085768699646,99813011
2025-09-27,4.1156721115112305,4.158605098724365,4.063375949859619,4.117620944976807,82915772
2025-09-28,4.18208122253418,4.184511184692383,4.030313014984131,4.1156721115112305,85092879
2025-09-29,4.117443084716797,4.182759761810303,4.01523494720459,4.182201862335205,114188688
2025-09-30,4.097751140594482,4.117539882659912,3.985124111175537,4.117387771606445,111695114
2025-10-01,4.13141393661499,4.247912883758545,4.076440811157227,4.097751140594482,222927790
2025-10-02,4.311779022216797,4.319204807281494,4.131440162658691,4.131440162658691,181344783
2025-10-03,4.281917095184326,4.349618911743164,4.2090020179748535,4.311831951141357,133778228
2025-10-04,4.136970043182373,4.2928290367126465,4.0960798263549805,4.281932830810547,109770960
2025-10-05,4.150838851928711,4.299804210662842,4.117680072784424,4.13696813583374,137585190
2025-10-06,4.273219108581543,4.302440166473389,4.120561122894287,4.150838851928711,141861154
2025-10-07,4.0594801902771,4.288251876831055,4.049726963043213,4.273219108581543,163489011
2025-10-08,4.171696186065674,4.200925827026367,4.0253448486328125,4.059523105621338,115795156
2025-10-09,4.059792995452881,4.179750919342041,3.9962680339813232,4.171730995178223,116540512
2025-10-10,2.9639010429382324,4.185360908508301,2.012315034866333,4.059817790985107,351220133
2025-10-11,3.1443049907684326,3.287816047668457,2.8810040950775146,2.9639010429382324,283407456
2025-10-12,3.4890151023864746,3.545876979827881,3.047729969024658,3.1441650390625,159628533
2025-10-13,3.645159959793091,3.6615560054779053,3.4575860500335693,3.489013910293579,150504047
2025-10-14,3.4749629497528076,3.6615331172943115,3.3208839893341064,3.645113945007324,165288552
2025-10-15,3.334878921508789,3.5085299015045166,3.299254894256592,3.4749789237976074,116716810
2025-10-16,3.2518370151519775,3.417365074157715,3.206393003463745,3.33488392829895,123083944
2025-10-17,3.153007984161377,3.298460006713867,3.0294249057769775,3.2517669200897217,125349051
2025-10-18,3.1843340396881104,3.233854055404663,3.1476991176605225,3.152846097946167,68015844
2025-10-19,3.2287890911102295,3.285979986190796,3.118989944458008,3.1843340396881104,91184771
2025-10-20,3.275739908218384,3.323201894760132,3.1856350898742676,3.2287890911102295,101745418
2025-10-21,3.1895320415496826,3.3703439235687256,3.1741459369659424,3.275607109069824,121128035
2025-10-22,3.115381956100464,3.2255311012268066,3.056680917739868,3.1896419525146484,99074448
2025-10-23,3.1830968856811523,3.2302589416503906,3.113801956176758,3.1153500080108643,75528036
2025-10-24,3.1852669715881348,3.2212610244750977,3.1317670345306396,3.1830499172210693,94915897
2025-10-25,3.151078939437866,3.1925129890441895,3.1397430896759033,3.185336112976074,55659302
2025-10-26,3.2564010620117188,3.2715630531311035,3.120680093765259,3.151078939437866,79946636
2025-10-27,3.179068088531494,3.275423049926758,3.165019989013672,3.2565319538116455,83147245
2025-10-28,3.1010520458221436,3.211103916168213,3.050865888595581,3.179068088531494,664479996
2025-10-29,3.095710039138794,3.1736040115356445,3.056272029876709,3.1010189056396484,164226354
2025-10-30,2.952604055404663,3.144563913345337,2.8605120182037354,3.0957250595092773,116982902
2025-10-31,2.9612350463867188,3.0281050205230713,2.9400060176849365,2.952641010284424,94035217
