Date,ret,lag_1,lag_2,lag_5,lag_10,bench_ret,bench_lag_1,bench_lag_2,bench_lag_5,bench_lag_10
2023-01-12,0.14608203823285315,0.1046114984217148,0.0106590198430625,0.02634085862999269,0.39162259473712013,0.05080318070100276,0.027621150182145726,0.014418133797157395,0.00018340612320066896,0.0038057003846692083
2023-02-01,-0.19848626720577167,0.14608203823285315,0.1046114984217148,-0.02876840466355035,0.010474665210037593,0.024945734672364495,0.05080318070100276,0.027621150182145726,0.00799308198098636,-0.0005162548246548937
2023-02-02,0.37554059022422126,-0.19848626720577167,0.14608203823285315,-0.20943388161110366,-0.019263144460851755,-0.010674749984444176,0.024945734672364495,0.05080318070100276,0.006148589405821525,0.010934154000320717
2023-02-03,-0.03244117516552536,0.37554059022422126,-0.19848626720577167,0.0106590198430625,-0.12296115560462484,-0.0009611359013330656,-0.010674749984444176,0.024945734672364495,0.014418133797157395,-0.0015728175329492444
2023-02-04,-0.00947839798667216,-0.03244117516552536,0.37554059022422126,0.1046114984217148,-0.08411428678331778,-0.0050223137687126496,-0.0009611359013330656,-0.010674749984444176,0.027621150182145726,0.006820792124189623
2023-02-05,-0.09159666460432203,-0.00947839798667216,-0.03244117516552536,0.14608203823285315,0.02634085862999269,-0.016254488201415285,-0.0050223137687126496,-0.0009611359013330656,0.05080318070100276,0.00018340612320066896
2023-02-06,-0.07983337719669659,-0.09159666460432203,-0.00947839798667216,-0.19848626720577167,-0.02876840466355035,-0.008555376392187952,-0.016254488201415285,-0.0050223137687126496,0.024945734672364495,0.00799308198098636
2023-02-07,0.0411919272815211,-0.07983337719669659,-0.09159666460432203,0.37554059022422126,-0.20943388161110366,0.021910195683307876,-0.008555376392187952,-0.016254488201415285,-0.010674749984444176,0.006148589405821525
2023-02-08,-0.08421583370957308,0.0411919272815211,-0.07983337719669659,-0.03244117516552536,0.0106590198430625,-0.01406372256307975,0.021910195683307876,-0.008555376392187952,-0.0009611359013330656,0.014418133797157395
2023-02-09,-0.17117214261611213,-0.08421583370957308,0.0411919272815211,-0.00947839798667216,0.1046114984217148,-0.05007294814467933,-0.01406372256307975,0.021910195683307876,-0.0050223137687126496,0.027621150182145726
2023-02-10,-0.03294234790351558,-0.17117214261611213,-0.08421583370957308,-0.09159666460432203,0.14608203823285315,-0.007722817783527347,-0.05007294814467933,-0.01406372256307975,-0.016254488201415285,0.05080318070100276
2023-02-11,0.1169402145378986,-0.03294234790351558,-0.17117214261611213,-0.07983337719669659,-0.19848626720577167,0.010095720795026963,-0.007722817783527347,-0.05007294814467933,-0.008555376392187952,0.024945734672364495
2023-02-12,0.18438550672470644,0.1169402145378986,-0.03294234790351558,0.0411919272815211,0.37554059022422126,-0.003787160533462952,0.010095720795026963,-0.007722817783527347,0.021910195683307876,-0.010674749984444176
2023-03-01,-0.2086145929017693,0.18438550672470644,0.1169402145378986,-0.08421583370957308,-0.03244117516552536,0.021336804697295264,-0.003787160533462952,0.010095720795026963,-0.01406372256307975,-0.0009611359013330656
2023-03-02,0.4381008784177185,-0.2086145929017693,0.18438550672470644,-0.17117214261611213,-0.00947839798667216,-0.007261350023503255,0.021336804697295264,-0.003787160533462952,-0.05007294814467933,-0.0050223137687126496
2023-03-03,-0.15017898617080316,0.4381008784177185,-0.2086145929017693,-0.03294234790351558,-0.09159666460432203,-0.04856242575109526,-0.007261350023503255,0.021336804697295264,-0.007722817783527347,-0.016254488201415285
2023-03-04,0.06392208690932,-0.15017898617080316,0.4381008784177185,0.1169402145378986,-0.07983337719669659,-0.00041730360595337856,-0.04856242575109526,-0.007261350023503255,0.010095720795026963,-0.008555376392187952
2023-03-05,-0.10717560766591783,0.06392208690932,-0.15017898617080316,0.18438550672470644,0.0411919272815211,0.003668954563790905,-0.00041730360595337856,-0.04856242575109526,-0.003787160533462952,0.021910195683307876
2023-03-06,-0.08073001839027416,-0.10717560766591783,0.06392208690932,-0.2086145929017693,-0.08421583370957308,-0.00025658420607754806,0.003668954563790905,-0.00041730360595337856,0.021336804697295264,-0.01406372256307975
2023-03-07,0.016552975551055615,-0.08073001839027416,-0.10717560766591783,0.4381008784177185,-0.17117214261611213,-0.009406138910838635,-0.00025658420607754806,0.003668954563790905,-0.007261350023503255,-0.05007294814467933
2023-03-08,-0.08473542541749768,0.016552975551055615,-0.08073001839027416,-0.15017898617080316,-0.03294234790351558,-0.022837314918541907,-0.009406138910838635,-0.00025658420607754806,-0.04856242575109526,-0.007722817783527347
2023-03-09,-0.15558051559952069,-0.08473542541749768,0.016552975551055615,0.06392208690932,0.1169402145378986,-0.06442451362971724,-0.022837314918541907,-0.009406138910838635,-0.00041730360595337856,0.010095720795026963
2023-03-10,-0.04496648550627924,-0.15558051559952069,-0.08473542541749768,-0.10717560766591783,0.18438550672470644,-0.008669656699224149,-0.06442451362971724,-0.022837314918541907,0.003668954563790905,-0.003787160533462952
2023-03-11,0.12473293988274503,-0.04496648550627924,-0.15558051559952069,-0.08073001839027416,-0.2086145929017693,0.021812221456825043,-0.008669656699224149,-0.06442451362971724,-0.00025658420607754806,0.021336804697295264
2023-03-12,0.1837617770593365,0.12473293988274503,-0.04496648550627924,0.016552975551055615,0.4381008784177185,0.07160391171997382,0.021812221456825043,-0.008669656699224149,-0.009406138910838635,-0.007261350023503255
2023-04-01,-0.1805825452625538,0.1837617770593365,0.12473293988274503,-0.08473542541749768,-0.15017898617080316,-0.0023712364649810524,0.07160391171997382,0.021812221456825043,-0.022837314918541907,-0.04856242575109526
2023-04-02,0.39647194981904366,-0.1805825452625538,0.1837617770593365,-0.15558051559952069,0.06392208690932,-0.007480172109950445,-0.0023712364649810524,0.07160391171997382,-0.06442451362971724,-0.00041730360595337856
2023-04-03,-0.15198371820577172,0.39647194981904366,-0.1805825452625538,-0.04496648550627924,-0.10717560766591783,-0.014613274129860798,-0.007480172109950445,-0.0023712364649810524,-0.008669656699224149,0.003668954563790905
2023-04-04,0.08570615857974628,-0.15198371820577172,0.39647194981904366,0.12473293988274503,-0.08073001839027416,0.013505585853957669,-0.014613274129860798,-0.007480172109950445,0.021812221456825043,-0.00025658420607754806
2023-04-05,-0.12772437112214563,0.08570615857974628,-0.15198371820577172,0.1837617770593365,0.016552975551055615,0.00035120601527971473,0.013505585853957669,-0.014613274129860798,0.07160391171997382,-0.009406138910838635
2023-04-06,-0.06369973430937037,-0.12772437112214563,0.08570615857974628,-0.1805825452625538,-0.08473542541749768,-0.004761257345732517,0.00035120601527971473,0.013505585853957669,-0.0023712364649810524,-0.022837314918541907
2023-04-07,0.005208417052328329,-0.06369973430937037,-0.12772437112214563,0.39647194981904366,-0.15558051559952069,-0.0042266008955405,-0.004761257345732517,0.00035120601527971473,-0.007480172109950445,-0.06442451362971724
2023-04-08,-0.06950124597217533,0.005208417052328329,-0.06369973430937037,-0.15198371820577172,-0.04496648550627924,0.0007851836935230949,-0.0042266008955405,-0.004761257345732517,-0.014613274129860798,-0.008669656699224149
2023-04-09,-0.15941375566577975,-0.06950124597217533,0.005208417052328329,0.08570615857974628,0.12473293988274503,0.01369069255187938,0.0007851836935230949,-0.0042266008955405,0.013505585853957669,0.021812221456825043
2023-04-10,-0.04960782382539919,-0.15941375566577975,-0.06950124597217533,-0.12772437112214563,0.1837617770593365,0.04553364684366201,0.01369069255187938,0.0007851836935230949,0.00035120601527971473,0.07160391171997382
2023-04-11,0.14759740304166735,-0.04960782382539919,-0.15941375566577975,-0.06369973430937037,-0.1805825452625538,0.01943948939814888,0.04553364684366201,0.01369069255187938,-0.004761257345732517,-0.0023712364649810524
2023-04-12,0.18180547130651026,0.14759740304166735,-0.04960782382539919,0.005208417052328329,0.39647194981904366,-0.0031803678372650523,0.01943948939814888,0.04553364684366201,-0.0042266008955405,-0.007480172109950445
2023-05-01,-0.19756833188794798,0.18180547130651026,0.14759740304166735,-0.06950124597217533,-0.15198371820577172,-0.041052856167413054,-0.0031803678372650523,0.01943948939814888,0.0007851836935230949,-0.014613274129860798
2023-05-02,0.36393463388087266,-0.19756833188794798,0.18180547130651026,-0.15941375566577975,0.08570615857974628,0.020749270290664867,-0.041052856167413054,-0.0031803678372650523,0.01369069255187938,0.013505585853957669
2023-05-03,-0.10539116637755197,0.36393463388087266,-0.19756833188794798,-0.04960782382539919,-0.12772437112214563,0.011294600673954491,0.020749270290664867,-0.041052856167413054,0.04553364684366201,0.00035120601527971473
2023-05-04,0.06849615209350413,-0.10539116637755197,0.36393463388087266,0.14759740304166735,-0.06369973430937037,-0.005482697609432208,0.011294600673954491,0.020749270290664867,0.01943948939814888,-0.004761257345732517
2023-05-05,-0.08984544227579416,0.06849615209350413,-0.10539116637755197,0.18180547130651026,0.005208417052328329,0.023524523696822897,-0.005482697609432208,0.011294600673954491,-0.0031803678372650523,-0.0042266008955405
2023-05-06,-0.1431102928587833,-0.08984544227579416,0.06849615209350413,-0.19756833188794798,-0.06950124597217533,-0.021553620549164876,0.023524523696822897,-0.005482697609432208,-0.041052856167413054,0.0007851836935230949
2023-05-07,0.026437224312166663,-0.1431102928587833,-0.08984544227579416,0.36393463388087266,-0.15941375566577975,-0.015678412274354514,-0.021553620549164876,0.023524523696822897,0.020749270290664867,0.01369069255187938
2023-05-08,-0.047148519562683955,0.026437224312166663,-0.1431102928587833,-0.10539116637755197,-0.04960782382539919,-0.027097480376070848,-0.015678412274354514,-0.021553620549164876,0.011294600673954491,0.04553364684366201
2023-05-09,-0.1547604889417371,-0.047148519562683955,0.026437224312166663,0.06849615209350413,0.14759740304166735,-0.001282605226514022,-0.027097480376070848,-0.015678412274354514,-0.005482697609432208,0.01943948939814888
2023-05-10,-0.05653784616208224,-0.1547604889417371,-0.047148519562683955,-0.08984544227579416,0.18180547130651026,-0.00133933356632987,-0.001282605226514022,-0.027097480376070848,0.023524523696822897,-0.0031803678372650523
2023-05-11,0.17105838228917136,-0.05653784616208224,-0.1547604889417371,-0.1431102928587833,-0.19756833188794798,-0.022737627988020037,-0.00133933356632987,-0.001282605226514022,-0.021553620549164876,-0.041052856167413054
2023-05-12,0.21389063982426237,0.17105838228917136,-0.05653784616208224,0.026437224312166663,0.36393463388087266,-0.00727801722655208,-0.022737627988020037,-0.00133933356632987,-0.015678412274354514,0.020749270290664867
2023-06-01,-0.23230977828760513,0.21389063982426237,0.17105838228917136,-0.047148519562683955,-0.10539116637755197,-0.014792581736561061,-0.00727801722655208,-0.022737627988020037,-0.027097480376070848,0.011294600673954491
2023-06-02,0.32639971972790693,-0.23230977828760513,0.21389063982426237,-0.1547604889417371,0.06849615209350413,0.015891610788358435,-0.014792581736561061,-0.00727801722655208,-0.001282605226514022,-0.005482697609432208
2023-06-03,-0.092238535571189,0.32639971972790693,-0.23230977828760513,-0.05653784616208224,-0.08984544227579416,-0.006422915158298181,0.015891610788358435,-0.014792581736561061,-0.00133933356632987,0.023524523696822897
2023-06-04,0.05873035522310599,-0.092238535571189,0.32639971972790693,0.17105838228917136,-0.1431102928587833,0.001621483975075222,-0.006422915158298181,0.015891610788358435,-0.022737627988020037,-0.021553620549164876
2023-06-05,-0.10516869239416082,0.05873035522310599,-0.092238535571189,0.21389063982426237,0.026437224312166663,-0.05141034569159686,0.001621483975075222,-0.006422915158298181,-0.00727801722655208,-0.015678412274354514
2023-06-06,-0.08207004062499701,-0.10516869239416082,0.05873035522310599,-0.23230977828760513,-0.047148519562683955,0.05581511830203567,-0.05141034569159686,0.001621483975075222,-0.014792581736561061,-0.027097480376070848
2023-06-07,-0.035620594847357134,-0.08207004062499701,-0.10516869239416082,0.32639971972790693,-0.1547604889417371,-0.03332542388746873,0.05581511830203567,-0.05141034569159686,0.015891610788358435,-0.001282605226514022
2023-06-08,-0.00556296284301383,-0.035620594847357134,-0.08207004062499701,-0.092238535571189,-0.05653784616208224,0.006138366062979017,-0.03332542388746873,0.05581511830203567,-0.006422915158298181,-0.00133933356632987
2023-06-09,-0.1576004914226672,-0.00556296284301383,-0.035620594847357134,0.05873035522310599,0.17105838228917136,-0.001050860255627839,0.006138366062979017,-0.03332542388746873,0.001621483975075222,-0.022737627988020037
2023-06-10,-0.047299940598007906,-0.1576004914226672,-0.00556296284301383,-0.10516869239416082,0.21389063982426237,-0.024045314846709687,-0.001050860255627839,0.006138366062979017,-0.05141034569159686,-0.00727801722655208
2023-06-11,0.19892156566800834,-0.047299940598007906,-0.1576004914226672,-0.08207004062499701,-0.23230977828760513,0.003434076441768852,-0.024045314846709687,-0.001050860255627839,0.05581511830203567,-0.014792581736561061
2023-06-12,0.195862119800277,0.19892156566800834,-0.047299940598007906,-0.035620594847357134,0.32639971972790693,-0.0014531650512417116,0.003434076441768852,-0.024045314846709687,-0.03332542388746873,0.015891610788358435
2023-07-01,-0.2586619626542741,0.195862119800277,0.19892156566800834,-0.00556296284301383,-0.092238535571189,0.0036951446290647283,-0.0014531650512417116,0.003434076441768852,0.006138366062979017,-0.006422915158298181
2023-07-02,0.39730141381894435,-0.2586619626542741,0.195862119800277,-0.1576004914226672,0.05873035522310599,0.0010028092648699527,0.0036951446290647283,-0.0014531650512417116,-0.001050860255627839,0.001621483975075222
2023-07-03,-0.17091441126760198,0.39730141381894435,-0.2586619626542741,-0.047299940598007906,-0.10516869239416082,0.017342426258482035,0.0010028092648699527,0.0036951446290647283,-0.024045314846709687,-0.05141034569159686
2023-07-04,0.05541190866429324,-0.17091441126760198,0.39730141381894435,0.19892156566800834,-0.08207004062499701,-0.012234378990758188,0.017342426258482035,0.0010028092648699527,0.003434076441768852,0.05581511830203567
2023-07-05,-0.09198102550489096,0.05541190866429324,-0.17091441126760198,0.195862119800277,-0.035620594847357134,-0.008595533337302896,-0.012234378990758188,0.017342426258482035,-0.0014531650512417116,-0.03332542388746873
2023-07-06,-0.11624232318632743,-0.09198102550489096,0.05541190866429324,-0.2586619626542741,-0.00556296284301383,-0.0200202998042176,-0.008595533337302896,-0.012234378990758188,0.0036951446290647283,0.006138366062979017
2023-07-07,0.018304960242207624,-0.11624232318632743,-0.09198102550489096,0.39730141381894435,-0.1576004914226672,0.014370910165981243,-0.0200202998042176,-0.008595533337302896,0.0010028092648699527,-0.001050860255627839
2023-07-08,-0.030653979409983156,0.018304960242207624,-0.11624232318632743,-0.17091441126760198,-0.047299940598007906,-0.0016401345660685962,0.014370910165981243,-0.0200202998042176,0.017342426258482035,-0.024045314846709687
2023-07-09,-0.14599259020397914,-0.030653979409983156,0.018304960242207624,0.05541190866429324,0.19892156566800834,-0.004012544766043291,-0.0016401345660685962,0.014370910165981243,-0.012234378990758188,0.003434076441768852
2023-07-10,-0.05521902226717201,-0.14599259020397914,-0.030653979409983156,-0.09198102550489096,0.195862119800277,0.00802953853669841,-0.004012544766043291,-0.0016401345660685962,-0.008595533337302896,-0.0014531650512417116
2023-07-11,0.19533330110294567,-0.05521902226717201,-0.14599259020397914,-0.11624232318632743,-0.2586619626542741,0.006765948407098321,0.00802953853669841,-0.004012544766043291,-0.0200202998042176,0.0036951446290647283
2023-07-12,0.23640709855184894,0.19533330110294567,-0.05521902226717201,0.018304960242207624,0.39730141381894435,-0.007516669621688621,0.006765948407098321,0.00802953853669841,0.014370910165981243,0.0010028092648699527
2023-08-01,-0.2632226267655029,0.23640709855184894,0.19533330110294567,-0.030653979409983156,-0.17091441126760198,0.015130233698759099,-0.007516669621688621,0.006765948407098321,-0.0016401345660685962,0.017342426258482035
2023-08-02,0.3406096631214026,-0.2632226267655029,0.23640709855184894,-0.14599259020397914,0.05541190866429324,-0.01780750760380201,0.015130233698759099,-0.007516669621688621,-0.004012544766043291,-0.012234378990758188
2023-08-03,-0.18747186772068702,0.3406096631214026,-0.2632226267655029,-0.05521902226717201,-0.09198102550489096,0.000916181014929407,-0.01780750760380201,0.015130233698759099,0.00802953853669841,-0.008595533337302896
2023-08-04,0.09220297500766939,-0.18747186772068702,0.3406096631214026,0.19533330110294567,-0.11624232318632743,-0.003590833524491188,0.000916181014929407,-0.01780750760380201,0.006765948407098321,-0.0200202998042176
2023-08-05,-0.1322412964656774,0.09220297500766939,-0.18747186772068702,0.23640709855184894,0.018304960242207624,-0.001100032105005866,-0.003590833524491188,0.000916181014929407,-0.007516669621688621,0.014370910165981243
2023-08-06,-0.0672926877528468,-0.1322412964656774,0.09220297500766939,-0.2632226267655029,-0.030653979409983156,-9.347843887397289e-06,-0.001100032105005866,-0.003590833524491188,0.015130233698759099,-0.0016401345660685962
2023-08-07,0.019784924885577482,-0.0672926877528468,-0.1322412964656774,0.3406096631214026,-0.14599259020397914,0.004765273930683378,-9.347843887397289e-06,-0.001100032105005866,-0.01780750760380201,-0.004012544766043291
2023-08-08,-0.012936089786948823,0.019784924885577482,-0.0672926877528468,-0.18747186772068702,-0.05521902226717201,0.01984638689169671,0.004765273930683378,-9.347843887397289e-06,0.000916181014929407,0.00802953853669841
2023-08-09,-0.17458567177803963,-0.012936089786948823,0.019784924885577482,0.09220297500766939,0.19533330110294567,-0.006877101522194451,0.01984638689169671,0.004765273930683378,-0.003590833524491188,0.006765948407098321
2023-08-10,-0.057035688157024866,-0.17458567177803963,-0.012936089786948823,-0.1322412964656774,0.23640709855184894,-0.004471948862001085,-0.006877101522194451,0.01984638689169671,-0.001100032105005866,-0.007516669621688621
2023-08-11,0.23023839406658797,-0.057035688157024866,-0.17458567177803963,-0.0672926877528468,-0.2632226267655029,-0.0010837471555529277,-0.004471948862001085,-0.006877101522194451,-9.347843887397289e-06,0.015130233698759099
2023-08-12,0.3026428634507199,0.23023839406658797,-0.057035688157024866,0.019784924885577482,0.3406096631214026,0.0006206039372145256,-0.0010837471555529277,-0.004471948862001085,0.004765273930683378,-0.01780750760380201
2023-09-01,-0.33455221155935955,0.3026428634507199,0.23023839406658797,-0.012936089786948823,-0.18747186772068702,-0.005054814421059817,0.0006206039372145256,-0.0010837471555529277,0.01984638689169671,0.000916181014929407
2023-09-02,0.24139755220368464,-0.33455221155935955,0.3026428634507199,-0.17458567177803963,0.09220297500766939,0.0026349869267328074,-0.005054814421059817,0.0006206039372145256,-0.006877101522194451,-0.003590833524491188
2023-09-03,-0.14676282349925396,0.24139755220368464,-0.33455221155935955,-0.057035688157024866,-0.1322412964656774,0.003887765613605154,0.0026349869267328074,-0.005054814421059817,-0.004471948862001085,-0.001100032105005866
2023-09-04,0.14433793873035983,-0.14676282349925396,0.24139755220368464,0.23023839406658797,-0.0672926877528468,-0.0060697124789417245,0.003887765613605154,0.0026349869267328074,-0.0010837471555529277,-9.347843887397289e-06
2023-09-05,-0.1540775280683535,0.14433793873035983,-0.14676282349925396,0.3026428634507199,0.019784924885577482,-0.0012573016666515002,-0.0060697124789417245,0.003887765613605154,0.0006206039372145256,0.004765273930683378
2023-09-06,-0.06723124607165265,-0.1540775280683535,0.14433793873035983,-0.33455221155935955,-0.012936089786948823,-0.0010380136560570463,-0.0012573016666515002,-0.0060697124789417245,-0.005054814421059817,0.01984638689169671
2023-09-07,0.019344463765207376,-0.06723124607165265,-0.1540775280683535,0.24139755220368464,-0.17458567177803963,0.018732105333871374,-0.0010380136560570463,-0.0012573016666515002,0.0026349869267328074,-0.006877101522194451
2023-09-08,-0.004961541395058999,0.019344463765207376,-0.06723124607165265,-0.14676282349925396,-0.057035688157024866,-0.012831149644606299,0.018732105333871374,-0.0010380136560570463,0.003887765613605154,-0.004471948862001085
2023-09-09,-0.17574379570289356,-0.004961541395058999,0.019344463765207376,0.14433793873035983,0.23023839406658797,-0.0003851858526555674,-0.012831149644606299,0.018732105333871374,-0.0060697124789417245,-0.0010837471555529277
2023-09-10,-0.08937344046321938,-0.17574379570289356,-0.004961541395058999,-0.1540775280683535,0.3026428634507199,-0.0024532678326885105,-0.0003851858526555674,-0.012831149644606299,-0.0012573016666515002,0.0006206039372145256
2023-09-11,0.2716399418445057,-0.08937344046321938,-0.17574379570289356,-0.06723124607165265,-0.33455221155935955,-0.026261880846510266,-0.0024532678326885105,-0.0003851858526555674,-0.0010380136560570463,-0.005054814421059817
2023-09-12,0.33581532262016944,0.2716399418445057,-0.08937344046321938,0.019344463765207376,0.24139755220368464,0.02630512782872607,-0.026261880846510266,-0.0024532678326885105,0.018732105333871374,0.0026349869267328074
2023-10-01,-0.369507565072287,0.33581532262016944,0.2716399418445057,-0.004961541395058999,-0.14676282349925396,0.03697612069415257,0.02630512782872607,-0.026261880846510266,-0.012831149644606299,0.003887765613605154
2023-10-02,0.22981918934791645,-0.369507565072287,0.33581532262016944,-0.17574379570289356,0.14433793873035983,-0.016319145652303746,0.03697612069415257,0.02630512782872607,-0.0003851858526555674,-0.0060697124789417245
2023-10-03,-0.1082521282563953,0.22981918934791645,-0.369507565072287,-0.08937344046321938,-0.1540775280683535,-0.0036683170426599077,-0.016319145652303746,0.03697612069415257,-0.0024532678326885105,-0.0012573016666515002
2023-10-04,0.12439973088798162,-0.1082521282563953,0.22981918934791645,0.2716399418445057,-0.06723124607165265,0.013377719098022212,-0.0036683170426599077,-0.016319145652303746,-0.026261880846510266,-0.0010380136560570463
2023-10-05,-0.13965676697507123,0.12439973088798162,-0.1082521282563953,0.33581532262016944,0.019344463765207376,-0.013890662188082104,0.013377719098022212,-0.0036683170426599077,0.02630512782872607,0.018732105333871374
2023-10-06,-0.18947230434182072,-0.13965676697507123,0.12439973088798162,-0.369507565072287,-0.004961541395058999,0.01917188389954383,-0.013890662188082104,0.013377719098022212,0.03697612069415257,-0.012831149644606299
2023-10-07,0.12622359843044983,-0.18947230434182072,-0.13965676697507123,0.22981918934791645,-0.17574379570289356,0.0007955649519200136,0.01917188389954383,-0.013890662188082104,-0.016319145652303746,-0.0003851858526555674
2023-10-08,-0.02684288898084608,0.12622359843044983,-0.18947230434182072,-0.1082521282563953,-0.08937344046321938,-0.001207428683224876,0.0007955649519200136,0.01917188389954383,-0.0036683170426599077,-0.0024532678326885105
2023-10-09,-0.18570595890159725,-0.02684288898084608,0.12622359843044983,0.12439973088798162,0.2716399418445057,-0.012659387752293583,-0.001207428683224876,0.0007955649519200136,0.013377719098022212,-0.026261880846510266
2023-10-10,-0.08531098578797813,-0.18570595890159725,-0.02684288898084608,-0.13965676697507123,0.33581532262016944,-0.007009005899618614,-0.012659387752293583,-0.001207428683224876,-0.013890662188082104,0.02630512782872607
2023-10-11,0.32959058453633516,-0.08531098578797813,-0.18570595890159725,-0.18947230434182072,-0.369507565072287,-0.019081220889665573,-0.007009005899618614,-0.012659387752293583,0.01917188389954383,0.03697612069415257
2023-10-12,0.32569551356827997,0.32959058453633516,-0.08531098578797813,0.12622359843044983,0.22981918934791645,-0.004345381484073485,-0.019081220889665573,-0.007009005899618614,0.0007955649519200136,-0.016319145652303746
2023-11-01,-0.358451825462204,0.32569551356827997,0.32959058453633516,-0.02684288898084608,-0.1082521282563953,0.021952875726510612,-0.004345381484073485,-0.019081220889665573,-0.001207428683224876,-0.0036683170426599077
2023-11-02,0.20207668191671324,-0.358451825462204,0.32569551356827997,-0.18570595890159725,0.12439973088798162,-0.014181643072406658,0.021952875726510612,-0.004345381484073485,-0.012659387752293583,0.013377719098022212
2023-11-03,-0.13102787661074844,0.20207668191671324,-0.358451825462204,-0.08531098578797813,-0.13965676697507123,-0.005911206990710127,-0.014181643072406658,0.021952875726510612,-0.007009005899618614,-0.013890662188082104
2023-11-04,0.1541632951330083,-0.13102787661074844,0.20207668191671324,0.32959058453633516,-0.18947230434182072,0.010022958586434427,-0.005911206990710127,-0.014181643072406658,-0.019081220889665573,0.01917188389954383
2023-11-05,-0.19536044407313358,0.1541632951330083,-0.13102787661074844,0.32569551356827997,0.12622359843044983,-0.0009365212100700404,0.010022958586434427,-0.005911206990710127,-0.004345381484073485,0.0007955649519200136
2023-11-06,-0.1560831671701175,-0.19536044407313358,0.1541632951330083,-0.358451825462204,-0.02684288898084608,-0.0003419871552008402,-0.0009365212100700404,0.010022958586434427,0.021952875726510612,-0.001207428683224876
2023-11-07,0.14200572526978683,-0.1560831671701175,-0.19536044407313358,0.20207668191671324,-0.18570595890159725,0.011526405410629437,-0.0003419871552008402,-0.0009365212100700404,-0.014181643072406658,-0.012659387752293583
2023-11-08,-0.040653804036010266,0.14200572526978683,-0.1560831671701175,-0.13102787661074844,-0.08531098578797813,0.005955525188301891,0.011526405410629437,-0.0003419871552008402,-0.005911206990710127,-0.007009005899618614
2023-11-09,-0.22715285811138397,-0.040653804036010266,0.14200572526978683,0.1541632951330083,0.32959058453633516,0.02869223992963832,0.005955525188301891,0.011526405410629437,0.010022958586434427,-0.019081220889665573
2023-11-10,-0.06450289460459269,-0.22715285811138397,-0.040653804036010266,-0.19536044407313358,0.32569551356827997,0.016778346050335458,0.02869223992963832,0.005955525188301891,-0.0009365212100700404,-0.004345381484073485
2023-11-11,0.39580177873010647,-0.06450289460459269,-0.22715285811138397,-0.1560831671701175,-0.358451825462204,-0.00472568235206694,0.016778346050335458,0.02869223992963832,-0.0003419871552008402,0.021952875726510612
2023-11-12,0.1887385494055125,0.39580177873010647,-0.06450289460459269,0.14200572526978683,0.20207668191671324,-0.0022517425921577683,-0.00472568235206694,0.016778346050335458,0.011526405410629437,-0.014181643072406658
2023-12-01,-0.24879513569087464,0.1887385494055125,0.39580177873010647,-0.040653804036010266,-0.13102787661074844,0.025550730214064288,-0.0022517425921577683,-0.00472568235206694,0.005955525188301891,-0.005911206990710127
2023-12-02,0.1664426169156057,-0.24879513569087464,0.1887385494055125,-0.22715285811138397,0.1541632951330083,0.020152443107054552,0.025550730214064288,-0.0022517425921577683,0.02869223992963832,0.010022958586434427
2023-12-03,-0.04301285395025056,0.1664426169156057,-0.24879513569087464,-0.06450289460459269,-0.19536044407313358,0.012637770677223159,0.020152443107054552,0.025550730214064288,0.016778346050335458,-0.0009365212100700404
2023-12-04,0.08092789118778154,-0.04301285395025056,0.1664426169156057,0.39580177873010647,-0.1560831671701175,0.04885656685082296,0.012637770677223159,0.020152443107054552,-0.00472568235206694,-0.0003419871552008402
2023-12-05,-0.18232276093021604,0.08092789118778154,-0.04301285395025056,0.1887385494055125,0.14200572526978683,0.048825234527116734,0.04885656685082296,0.012637770677223159,-0.0022517425921577683,0.011526405410629437
2023-12-06,-0.16508460579919904,-0.18232276093021604,0.08092789118778154,-0.24879513569087464,-0.040653804036010266,-0.007610515817260577,0.048825234527116734,0.04885656685082296,0.025550730214064288,0.005955525188301891
2023-12-07,0.12735068270682026,-0.16508460579919904,-0.18232276093021604,0.1664426169156057,-0.22715285811138397,-0.010427160037584926,-0.007610515817260577,0.048825234527116734,0.020152443107054552,0.02869223992963832
2023-12-08,-0.02220166250928224,0.12735068270682026,-0.16508460579919904,-0.04301285395025056,-0.06450289460459269,0.01998568323594263,-0.010427160037584926,-0.007610515817260577,0.012637770677223159,0.016778346050335458
2023-12-09,-0.2333897433604153,-0.02220166250928224,0.12735068270682026,0.08092789118778154,0.39580177873010647,-0.01002634901377597,0.01998568323594263,-0.010427160037584926,0.04885656685082296,-0.00472568235206694
2023-12-10,-0.08184968849255414,-0.2333897433604153,-0.02220166250928224,-0.18232276093021604,0.1887385494055125,0.0012276881806254636,-0.01002634901377597,0.01998568323594263,0.048825234527116734,-0.0022517425921577683
2023-12-11,0.44067811656077205,-0.08184968849255414,-0.2333897433604153,-0.16508460579919904,-0.24879513569087464,-0.059668646755696386,0.0012276881806254636,-0.01002634901377597,-0.007610515817260577,0.025550730214064288
2023-12-12,0.22158888364771068,0.44067811656077205,-0.08184968849255414,0.12735068270682026,0.1664426169156057,0.004991678285069412,-0.059668646755696386,0.0012276881806254636,-0.010427160037584926,0.020152443107054552
2024-01-01,0.18819883542697968,0.22158888364771068,0.44067811656077205,-0.02220166250928224,-0.04301285395025056,0.044021664809024585,0.004991678285069412,-0.059668646755696386,0.01998568323594263,0.012637770677223159
2024-01-02,-0.236027588436988,0.18819883542697968,0.22158888364771068,-0.2333897433604153,0.08092789118778154,0.017742604041906418,0.044021664809024585,0.004991678285069412,-0.01002634901377597,0.04885656685082296
2024-01-03,0.24474695271994218,-0.236027588436988,0.18819883542697968,-0.08184968849255414,-0.18232276093021604,-0.04806495360792695,0.017742604041906418,0.044021664809024585,0.0012276881806254636,0.048825234527116734
2024-01-04,0.054605515496647605,0.24474695271994218,-0.236027588436988,0.44067811656077205,-0.16508460579919904,0.030607357860631623,-0.04806495360792695,0.017742604041906418,-0.059668646755696386,-0.007610515817260577
2024-01-05,-0.2859012095832385,0.054605515496647605,0.24474695271994218,0.22158888364771068,0.12735068270682026,-0.0003900828734124673,0.030607357860631623,-0.04806495360792695,0.004991678285069412,-0.010427160037584926
2024-01-06,0.025187589756719753,-0.2859012095832385,0.054605515496647605,0.18819883542697968,-0.02220166250928224,-0.0039363042692563965,-0.0003900828734124673,0.030607357860631623,0.044021664809024585,0.01998568323594263
2024-01-07,-0.10891323668107078,0.025187589756719753,-0.2859012095832385,-0.236027588436988,-0.2333897433604153,-0.0010484806586052997,-0.0039363042692563965,-0.0003900828734124673,0.017742604041906418,-0.01002634901377597
2024-01-08,-0.1695574449301498,-0.10891323668107078,0.025187589756719753,0.24474695271994218,-0.08184968849255414,0.066624266350372,-0.0010484806586052997,-0.0039363042692563965,-0.04806495360792695,0.0012276881806254636
2024-01-09,-0.27124374124887884,-0.1695574449301498,-0.10891323668107078,0.054605515496647605,0.44067811656077205,-0.017845417159183086,0.066624266350372,-0.0010484806586052997,0.030607357860631623,-0.059668646755696386
2024-01-10,0.020742370969771606,-0.27124374124887884,-0.1695574449301498,-0.2859012095832385,0.22158888364771068,0.010522032644432855,-0.017845417159183086,0.066624266350372,-0.0003900828734124673,0.004991678285069412
2024-01-11,-0.06255540957374883,0.020742370969771606,-0.27124374124887884,0.025187589756719753,0.18819883542697968,-0.005574241013182046,0.010522032644432855,-0.017845417159183086,-0.0039363042692563965,0.044021664809024585
2024-01-12,0.8681270224726512,-0.06255540957374883,0.020742370969771606,-0.10891323668107078,-0.236027588436988,-0.07884262885774085,-0.005574241013182046,0.010522032644432855,-0.0010484806586052997,0.017742604041906418
2024-02-01,-0.10110599451766644,0.8681270224726512,-0.06255540957374883,-0.1695574449301498,0.24474695271994218,0.01151489032292119,-0.07884262885774085,-0.005574241013182046,0.066624266350372,-0.04806495360792695
2024-02-02,-0.19298431027821517,-0.10110599451766644,0.8681270224726512,-0.27124374124887884,0.054605515496647605,0.002552374587986961,0.01151489032292119,-0.07884262885774085,-0.017845417159183086,0.030607357860631623
2024-02-03,0.30778519153456907,-0.19298431027821517,-0.10110599451766644,0.020742370969771606,-0.2859012095832385,-0.004493245607930518,0.002552374587986961,0.01151489032292119,0.010522032644432855,-0.0003900828734124673
2024-02-04,-0.09527058270790878,0.30778519153456907,-0.19298431027821517,-0.06255540957374883,0.025187589756719753,-0.009551086258099417,-0.004493245607930518,0.002552374587986961,-0.005574241013182046,-0.0039363042692563965
2024-02-05,-0.16343888869547296,-0.09527058270790878,0.30778519153456907,0.8681270224726512,-0.10891323668107078,0.0017617075903046953,-0.009551086258099417,-0.004493245607930518,-0.07884262885774085,-0.0010484806586052997
2024-02-06,-0.041490196358040965,-0.16343888869547296,-0.09527058270790878,-0.10110599451766644,-0.1695574449301498,0.009936804795447784,0.0017617075903046953,-0.009551086258099417,0.01151489032292119,0.066624266350372
2024-02-07,-0.0702634499439212,-0.041490196358040965,-0.16343888869547296,-0.19298431027821517,-0.27124374124887884,0.02822864617884413,0.009936804795447784,0.0017617075903046953,0.002552374587986961,-0.017845417159183086
2024-02-08,-0.2404957065628801,-0.0702634499439212,-0.041490196358040965,0.30778519153456907,0.020742370969771606,0.021945671280278134,0.02822864617884413,0.009936804795447784,-0.004493245607930518,0.010522032644432855
2024-02-09,-0.19645182259845062,-0.2404957065628801,-0.0702634499439212,-0.09527058270790878,-0.06255540957374883,0.039932995352145895,0.021945671280278134,0.02822864617884413,-0.009551086258099417,-0.005574241013182046
2024-02-10,-0.02521690888720407,-0.19645182259845062,-0.2404957065628801,-0.16343888869547296,0.8681270224726512,0.013149960590052245,0.039932995352145895,0.021945671280278134,0.0017617075903046953,-0.07884262885774085
2024-02-11,-0.05055268627166476,-0.02521690888720407,-0.19645182259845062,-0.041490196358040965,-0.10110599451766644,0.010881064362965986,0.013149960590052245,0.039932995352145895,0.009936804795447784,0.01151489032292119
2024-02-12,0.93987201812554,-0.05055268627166476,-0.02521690888720407,-0.0702634499439212,-0.19298431027821517,0.033881478580831015,0.010881064362965986,0.013149960590052245,0.02822864617884413,0.002552374587986961
2024-03-01,-0.2675984739496884,0.93987201812554,-0.05055268627166476,-0.2404957065628801,0.30778519153456907,0.02009546578923782,0.033881478580831015,0.010881064362965986,0.021945671280278134,-0.004493245607930518
2024-03-02,-0.11209335224621575,-0.2675984739496884,0.93987201812554,-0.19645182259845062,-0.09527058270790878,-0.006600547211599306,0.02009546578923782,0.033881478580831015,0.039932995352145895,-0.009551086258099417
2024-03-03,0.3605782728852691,-0.11209335224621575,-0.2675984739496884,-0.02521690888720407,-0.16343888869547296,0.01817220453919255,-0.006600547211599306,0.02009546578923782,0.013149960590052245,0.0017617075903046953
2024-03-04,-0.14990273397561493,0.3605782728852691,-0.11209335224621575,-0.05055268627166476,-0.041490196358040965,0.07856708087178532,0.01817220453919255,-0.006600547211599306,0.010881064362965986,0.009936804795447784
2024-03-05,-0.15051351394766033,-0.14990273397561493,0.3605782728852691,0.93987201812554,-0.0702634499439212,-0.06858298175874111,0.07856708087178532,0.01817220453919255,0.033881478580831015,0.02822864617884413
2024-03-06,-0.03433159501114069,-0.15051351394766033,-0.14990273397561493,-0.2675984739496884,-0.2404957065628801,0.035499700219091324,-0.06858298175874111,0.07856708087178532,0.02009546578923782,0.021945671280278134
2024-03-07,-0.14412451381304558,-0.03433159501114069,-0.15051351394766033,-0.11209335224621575,-0.19645182259845062,0.012308140089407615,0.035499700219091324,-0.06858298175874111,-0.006600547211599306,0.039932995352145895
2024-03-08,-0.18511555095053867,-0.14412451381304558,-0.03433159501114069,0.3605782728852691,-0.02521690888720407,0.020331312162278792,0.012308140089407615,0.035499700219091324,0.01817220453919255,0.013149960590052245
2024-03-09,-0.21623369068503395,-0.18511555095053867,-0.14412451381304558,-0.14990273397561493,-0.05055268627166476,0.0029062965955226616,0.020331312162278792,0.012308140089407615,0.07856708087178532,0.010881064362965986
2024-03-10,0.015677226684213785,-0.21623369068503395,-0.18511555095053867,-0.15051351394766033,0.93987201812554,0.007575825657481161,0.0029062965955226616,0.020331312162278792,-0.06858298175874111,0.033881478580831015
2024-03-11,-0.08558305755819506,0.015677226684213785,-0.21623369068503395,-0.03433159501114069,-0.2675984739496884,0.04399229861896892,0.007575825657481161,0.0029062965955226616,0.035499700219091324,0.02009546578923782
2024-03-12,0.9534145171797541,-0.08558305755819506,0.015677226684213785,-0.14412451381304558,-0.11209335224621575,-0.008949836084322982,0.04399229861896892,0.007575825657481161,0.012308140089407615,-0.006600547211599306
2024-04-01,-0.22089298511092004,0.9534145171797541,-0.08558305755819506,-0.18511555095053867,0.3605782728852691,-0.02313700233243665,-0.008949836084322982,0.04399229861896892,0.020331312162278792,0.01817220453919255
2024-04-02,-0.1673109718922905,-0.22089298511092004,0.9534145171797541,-0.21623369068503395,-0.14990273397561493,-0.06299090434845489,-0.02313700233243665,-0.008949836084322982,0.0029062965955226616,0.07856708087178532
2024-04-03,0.3964582861208734,-0.1673109718922905,-0.22089298511092004,0.015677226684213785,-0.15051351394766033,0.008123743016021479,-0.06299090434845489,-0.02313700233243665,0.007575825657481161,-0.06858298175874111
2024-04-04,-0.1546682805197621,0.3964582861208734,-0.1673109718922905,-0.08558305755819506,-0.03433159501114069,0.03759886271186197,0.008123743016021479,-0.06299090434845489,0.04399229861896892,0.035499700219091324
2024-04-05,-0.1750954219561942,-0.1546682805197621,0.3964582861208734,0.9534145171797541,-0.14412451381304558,-0.009845630344583967,0.03759886271186197,0.008123743016021479,-0.008949836084322982,0.012308140089407615
2024-04-06,0.008431405599281128,-0.1750954219561942,-0.1546682805197621,-0.22089298511092004,-0.18511555095053867,0.015482496361432396,-0.009845630344583967,0.03759886271186197,-0.02313700233243665,0.020331312162278792
2024-04-07,-0.2569004710306684,0.008431405599281128,-0.1750954219561942,-0.1673109718922905,-0.21623369068503395,0.006747455327095864,0.015482496361432396,-0.009845630344583967,-0.06299090434845489,0.0029062965955226616
2024-04-08,-0.17131098063153605,-0.2569004710306684,0.008431405599281128,0.3964582861208734,0.015677226684213785,0.03218579413078082,0.006747455327095864,0.015482496361432396,0.008123743016021479,0.007575825657481161
2024-04-09,-0.130707409175425,-0.17131098063153605,-0.2569004710306684,-0.1546682805197621,-0.08558305755819506,-0.03541376120127104,0.03218579413078082,0.006747455327095864,0.03759886271186197,0.04399229861896892
2024-04-10,0.020152232646762247,-0.130707409175425,-0.17131098063153605,-0.1750954219561942,0.9534145171797541,0.020739301134799604,-0.03541376120127104,0.03218579413078082,-0.009845630344583967,-0.008949836084322982
2024-04-11,-0.11256345839511517,0.020152232646762247,-0.130707409175425,0.008431405599281128,-0.22089298511092004,-0.0074977824777295865,0.020739301134799604,-0.03541376120127104,0.015482496361432396,-0.02313700233243665
2024-04-12,1.0330987543679233,-0.11256345839511517,0.020152232646762247,-0.2569004710306684,-0.1673109718922905,-0.041748970215595094,-0.0074977824777295865,0.020739301134799604,0.006747455327095864,-0.06299090434845489
2024-05-01,-0.34648073679111624,1.0330987543679233,-0.11256345839511517,-0.17131098063153605,0.3964582861208734,-0.04008992347981355,-0.041748970215595094,-0.0074977824777295865,0.03218579413078082,0.008123743016021479
2024-05-02,-0.10150165075455275,-0.34648073679111624,1.0330987543679233,-0.130707409175425,-0.1546682805197621,0.014814392464812087,-0.04008992347981355,-0.041748970215595094,-0.03541376120127104,0.03759886271186197
2024-05-03,0.327160123584028,-0.10150165075455275,-0.34648073679111624,0.020152232646762247,-0.1750954219561942,0.06175720660142758,0.014814392464812087,-0.04008992347981355,0.020739301134799604,-0.009845630344583967
2024-05-04,-0.10635108489078915,0.327160123584028,-0.10150165075455275,-0.11256345839511517,0.008431405599281128,0.015801344407988083,0.06175720660142758,0.014814392464812087,-0.0074977824777295865,0.015482496361432396
2024-05-05,-0.13812227018189271,-0.10635108489078915,0.327160123584028,1.0330987543679233,-0.2569004710306684,0.0021835109592291957,0.015801344407988083,0.06175720660142758,-0.041748970215595094,0.006747455327095864
2024-05-06,-0.007977275219633428,-0.13812227018189271,-0.10635108489078915,-0.34648073679111624,-0.17131098063153605,-0.013667364704890161,0.0021835109592291957,0.015801344407988083,-0.04008992347981355,0.03218579413078082
2024-05-07,-0.24638829415158425,-0.007977275219633428,-0.13812227018189271,-0.10150165075455275,-0.130707409175425,-0.013181929955278449,-0.013667364704890161,0.0021835109592291957,0.014814392464812087,-0.03541376120127104
2024-05-08,-0.2973848959413199,-0.24638829415158425,-0.007977275219633428,0.327160123584028,0.020152232646762247,-0.018569986257366722,-0.013181929955278449,-0.013667364704890161,0.06175720660142758,0.020739301134799604
2024-05-09,-0.04675197071875714,-0.2973848959413199,-0.24638829415158425,-0.10635108489078915,-0.11256345839511517,0.029977308582543216,-0.018569986257366722,-0.013181929955278449,0.015801344407988083,-0.0074977824777295865
2024-05-10,0.02972253382522494,-0.04675197071875714,-0.2973848959413199,-0.13812227018189271,1.0330987543679233,-0.036456454736823574,0.029977308582543216,-0.018569986257366722,0.0021835109592291957,-0.041748970215595094
2024-05-11,-0.06992262952695638,0.02972253382522494,-0.04675197071875714,-0.007977275219633428,-0.34648073679111624,1.535696956445065e-05,-0.036456454736823574,0.029977308582543216,-0.013667364704890161,-0.04008992347981355
2024-05-12,1.0036170119258698,-0.06992262952695638,0.02972253382522494,-0.24638829415158425,-0.10150165075455275,0.010711364091328335,1.535696956445065e-05,-0.036456454736823574,-0.013181929955278449,0.014814392464812087
2024-06-01,-0.38816867593383675,1.0036170119258698,-0.06992262952695638,-0.2973848959413199,0.327160123584028,0.003188258141896938,0.010711364091328335,1.535696956445065e-05,-0.018569986257366722,0.06175720660142758
2024-06-02,-0.04778753522649959,-0.38816867593383675,1.0036170119258698,-0.04675197071875714,-0.10635108489078915,0.000659449923622546,0.003188258141896938,0.010711364091328335,0.029977308582543216,0.015801344407988083
2024-06-03,0.4349677625465178,-0.04778753522649959,-0.38816867593383675,0.02972253382522494,-0.13812227018189271,0.015425138695029261,0.000659449923622546,0.003188258141896938,-0.036456454736823574,0.0021835109592291957
2024-06-04,-0.21334730747976227,0.4349677625465178,-0.04778753522649959,-0.06992262952695638,-0.007977275219633428,0.02530022531977849,0.015425138695029261,0.000659449923622546,1.535696956445065e-05,-0.013667364704890161
2024-06-05,-0.17615660496963992,-0.21334730747976227,0.4349677625465178,1.0036170119258698,-0.24638829415158425,0.007272217710578843,0.02530022531977849,0.015425138695029261,0.010711364091328335,-0.013181929955278449
2024-06-06,0.0027694413919689964,-0.17615660496963992,-0.21334730747976227,-0.38816867593383675,-0.2973848959413199,-0.0045918902721791,0.007272217710578843,0.02530022531977849,0.003188258141896938,-0.018569986257366722
2024-06-07,-0.1347781108173216,0.0027694413919689964,-0.17615660496963992,-0.04778753522649959,-0.04675197071875714,-0.02019455700850692,-0.0045918902721791,0.007272217710578843,0.000659449923622546,0.029977308582543216
2024-06-08,-0.3256000947865294,-0.1347781108173216,0.0027694413919689964,0.4349677625465178,0.02972253382522494,-0.0005310196388865762,-0.02019455700850692,-0.0045918902721791,0.015425138695029261,-0.036456454736823574
2024-06-09,-0.12950618025005545,-0.3256000947865294,-0.1347781108173216,-0.21334730747976227,-0.06992262952695638,0.004925659126412185,-0.0005310196388865762,-0.02019455700850692,0.02530022531977849,1.535696956445065e-05
2024-06-10,0.05624680199930854,-0.12950618025005545,-0.3256000947865294,-0.17615660496963992,1.0036170119258698,-0.001950427081917283,0.004925659126412185,-0.0005310196388865762,0.007272217710578843,0.010711364091328335
2024-06-11,-0.017065113401220078,0.05624680199930854,-0.12950618025005545,0.0027694413919689964,-0.38816867593383675,-0.03186737491787994,-0.001950427081917283,0.004925659126412185,-0.0045918902721791,0.003188258141896938
2024-06-12,0.955453453204089,-0.017065113401220078,0.05624680199930854,-0.1347781108173216,-0.04778753522649959,0.013412234174300153,-0.03186737491787994,-0.001950427081917283,-0.02019455700850692,0.000659449923622546
2024-07-01,-0.439828250714023,0.955453453204089,-0.017065113401220078,-0.3256000947865294,0.4349677625465178,0.0027672625268486684,0.013412234174300153,-0.03186737491787994,-0.0005310196388865762,0.015425138695029261
2024-07-02,0.006374364189638992,-0.439828250714023,0.955453453204089,-0.12950618025005545,-0.21334730747976227,-0.013180175995570309,0.0027672625268486684,0.013412234174300153,0.004925659126412185,0.02530022531977849
2024-07-03,0.40663358122491045,0.006374364189638992,-0.439828250714023,0.05624680199930854,-0.17615660496963992,-0.030363202504132047,-0.013180175995570309,0.0027672625268486684,-0.001950427081917283,0.007272217710578843
2024-07-04,-0.17982942484208042,0.40663358122491045,0.006374364189638992,-0.017065113401220078,0.0027694413919689964,-0.05457904894968735,-0.030363202504132047,-0.013180175995570309,-0.03186737491787994,-0.0045918902721791
2024-07-05,-0.21865166834192928,-0.17982942484208042,0.40663358122491045,0.955453453204089,-0.1347781108173216,-0.005549607928506006,-0.05457904894968735,-0.030363202504132047,0.013412234174300153,-0.02019455700850692
2024-07-06,-0.04966005474057211,-0.21865166834192928,-0.17982942484208042,-0.439828250714023,-0.3256000947865294,0.028552385582209183,-0.005549607928506006,-0.05457904894968735,0.0027672625268486684,-0.0005310196388865762
2024-07-07,-0.11977082377552906,-0.04966005474057211,-0.21865166834192928,0.006374364189638992,-0.12950618025005545,-0.043009217056914295,0.028552385582209183,-0.005549607928506006,-0.013180175995570309,0.004925659126412185
2024-07-08,-0.25635502651615494,-0.11977082377552906,-0.04966005474057211,0.40663358122491045,0.05624680199930854,0.015210533767259449,-0.043009217056914295,0.028552385582209183,-0.030363202504132047,-0.001950427081917283
2024-07-09,-0.1143868687092695,-0.25635502651615494,-0.11977082377552906,-0.17982942484208042,-0.017065113401220078,0.022737964002921274,0.015210533767259449,-0.043009217056914295,-0.05457904894968735,-0.03186737491787994
2024-07-10,0.014230401530367809,-0.1143868687092695,-0.25635502651615494,-0.21865166834192928,0.955453453204089,-0.004608673391693685,0.022737964002921274,0.015210533767259449,-0.005549607928506006,0.013412234174300153
2024-07-11,0.0067670684116381,0.014230401530367809,-0.1143868687092695,-0.04966005474057211,-0.439828250714023,-0.006909245956920884,-0.004608673391693685,0.022737964002921274,0.028552385582209183,0.0027672625268486684
2024-07-12,0.9373366006287485,0.0067670684116381,0.014230401530367809,-0.11977082377552906,0.006374364189638992,0.009623984536931474,-0.006909245956920884,-0.004608673391693685,-0.043009217056914295,-0.013180175995570309
2024-08-01,-0.351647019384953,0.9373366006287485,0.0067670684116381,-0.25635502651615494,0.40663358122491045,0.011359846111043126,0.009623984536931474,-0.006909245956920884,0.015210533767259449,-0.030363202504132047
2024-08-02,-0.06395533641107409,-0.351647019384953,0.9373366006287485,-0.1143868687092695,-0.17982942484208042,-0.06221701380381184,0.011359846111043126,0.009623984536931474,0.022737964002921274,-0.05457904894968735
2024-08-03,0.41897657672613775,-0.06395533641107409,-0.351647019384953,0.014230401530367809,-0.21865166834192928,-0.012039486853144155,-0.06221701380381184,0.011359846111043126,-0.004608673391693685,-0.005549607928506006
2024-08-04,-0.16480636251000025,0.41897657672613775,-0.06395533641107409,0.0067670684116381,-0.04966005474057211,-0.04315788276722721,-0.012039486853144155,-0.06221701380381184,-0.006909245956920884,0.028552385582209183
2024-08-05,-0.257675748231579,-0.16480636251000025,0.41897657672613775,0.9373366006287485,-0.11977082377552906,-0.07363198580133457,-0.04315788276722721,-0.012039486853144155,0.009623984536931474,-0.043009217056914295
2024-08-06,-0.09000998758932877,-0.257675748231579,-0.16480636251000025,-0.351647019384953,-0.25635502651615494,0.03713846518919084,-0.07363198580133457,-0.04315788276722721,0.011359846111043126,0.015210533767259449
2024-08-07,-0.07197825882380493,-0.09000998758932877,-0.257675748231579,-0.06395533641107409,-0.1143868687092695,-0.01813194564291365,0.03713846518919084,-0.07363198580133457,-0.06221701380381184,0.022737964002921274
2024-08-08,-0.19718314065535592,-0.07197825882380493,-0.09000998758932877,0.41897657672613775,0.014230401530367809,0.11461585740778091,-0.01813194564291365,0.03713846518919084,-0.012039486853144155,-0.004608673391693685
2024-08-09,-0.15882460972155488,-0.19718314065535592,-0.07197825882380493,-0.16480636251000025,0.0067670684116381,-0.01354163359345506,0.11461585740778091,-0.01813194564291365,-0.04315788276722721,-0.006909245956920884
2024-08-10,-0.01602102008377293,-0.15882460972155488,-0.19718314065535592,-0.257675748231579,0.9373366006287485,0.0010785754501512201,-0.01354163359345506,0.11461585740778091,-0.07363198580133457,0.009623984536931474
2024-08-11,0.05541320800722915,-0.01602102008377293,-0.15882460972155488,-0.09000998758932877,-0.351647019384953,-0.037213546438286116,0.0010785754501512201,-0.01354163359345506,0.03713846518919084,0.011359846111043126
2024-08-12,0.8771518337569115,0.05541320800722915,-0.01602102008377293,-0.07197825882380493,-0.06395533641107409,0.010756599639696773,-0.037213546438286116,0.0010785754501512201,-0.01813194564291365,-0.06221701380381184
2024-09-01,-0.38052982026847215,0.8771518337569115,0.05541320800722915,-0.19718314065535592,0.41897657672613775,-0.02828177132191989,0.010756599639696773,-0.037213546438286116,0.11461585740778091,-0.012039486853144155
2024-09-02,0.010382757005051868,-0.38052982026847215,0.8771518337569115,-0.15882460972155488,-0.16480636251000025,0.030696731125599896,-0.02828177132191989,0.010756599639696773,-0.01354163359345506,-0.04315788276722721
2024-09-03,0.380621364470356,0.010382757005051868,-0.38052982026847215,-0.01602102008377293,-0.257675748231579,-0.02885744221431885,0.030696731125599896,-0.02828177132191989,0.0010785754501512201,-0.07363198580133457
2024-09-04,-0.1947991419563846,0.380621364470356,0.010382757005051868,0.05541320800722915,-0.09000998758932877,0.009367548880181431,-0.02885744221431885,0.030696731125599896,-0.037213546438286116,0.03713846518919084
2024-09-05,-0.2056761412695185,-0.1947991419563846,0.380621364470356,0.8771518337569115,-0.07197825882380493,-0.03173873012462458,0.009367548880181431,-0.02885744221431885,0.010756599639696773,-0.01813194564291365
2024-09-06,-0.07774659574151066,-0.2056761412695185,-0.1947991419563846,-0.38052982026847215,-0.19718314065535592,-0.040178859813773116,-0.03173873012462458,0.009367548880181431,-0.02828177132191989,0.11461585740778091
2024-09-07,-0.06470372445311123,-0.07774659574151066,-0.2056761412695185,0.010382757005051868,-0.15882460972155488,0.003532917786660761,-0.040178859813773116,-0.03173873012462458,0.030696731125599896,-0.01354163359345506
2024-09-08,-0.24455020978517172,-0.06470372445311123,-0.07774659574151066,0.380621364470356,-0.01602102008377293,0.012880905464081494,0.003532917786660761,-0.040178859813773116,-0.02885744221431885,0.0010785754501512201
2024-09-09,-0.11070370786705097,-0.24455020978517172,-0.06470372445311123,-0.1947991419563846,0.05541320800722915,0.03894551366283494,0.012880905464081494,0.003532917786660761,0.009367548880181431,-0.037213546438286116
2024-09-10,-0.06313050639338069,-0.11070370786705097,-0.24455020978517172,-0.2056761412695185,0.8771518337569115,0.010973955136993396,0.03894551366283494,0.012880905464081494,-0.03173873012462458,0.010756599639696773
2024-09-11,0.14091679303925453,-0.06313050639338069,-0.11070370786705097,-0.07774659574151066,-0.38052982026847215,-0.005314110379552872,0.010973955136993396,0.03894551366283494,-0.040178859813773116,-0.02828177132191989
2024-09-12,0.6085198855354819,0.14091679303925453,-0.06313050639338069,-0.06470372445311123,0.010382757005051868,0.013576697563710383,-0.005314110379552872,0.010973955136993396,0.003532917786660761,0.030696731125599896
2024-10-01,-0.06582891784911693,0.6085198855354819,0.14091679303925453,-0.24455020978517172,0.380621364470356,-0.04015297045834387,0.013576697563710383,-0.005314110379552872,0.012880905464081494,-0.02885744221431885
2024-10-02,-0.10050642606253835,-0.06582891784911693,0.6085198855354819,-0.11070370786705097,-0.1947991419563846,-0.0033625288629970385,-0.04015297045834387,0.013576697563710383,0.03894551366283494,0.009367548880181431
2024-10-03,0.3547736107514101,-0.10050642606253835,-0.06582891784911693,-0.06313050639338069,-0.2056761412695185,0.0020860852502089244,-0.0033625288629970385,-0.04015297045834387,0.010973955136993396,-0.03173873012462458
2024-10-04,-0.19960547181704946,0.3547736107514101,-0.10050642606253835,0.14091679303925453,-0.07774659574151066,0.02130028358082825,0.0020860852502089244,-0.0033625288629970385,-0.005314110379552872,-0.040178859813773116
2024-10-05,-0.22094249638187002,-0.19960547181704946,0.3547736107514101,0.6085198855354819,-0.06470372445311123,0.00036200267691199883,0.02130028358082825,0.0020860852502089244,0.013576697563710383,0.003532917786660761
2024-10-06,-0.036589676034630925,-0.22094249638187002,-0.19960547181704946,-0.06582891784911693,-0.24455020978517172,0.011672701842979194,0.00036200267691199883,0.02130028358082825,-0.04015297045834387,0.012880905464081494
2024-10-07,-0.06484190377073085,-0.036589676034630925,-0.22094249638187002,-0.10050642606253835,-0.11070370786705097,-0.009312611612411814,0.011672701842979194,0.00036200267691199883,-0.0033625288629970385,0.03894551366283494
2024-10-08,-0.24868314684406334,-0.06484190377073085,-0.036589676034630925,0.3547736107514101,-0.06313050639338069,-0.0016835665978742753,-0.009312611612411814,0.011672701842979194,0.0020860852502089244,0.010973955136993396
2024-10-09,-0.11103455456467026,-0.24868314684406334,-0.06484190377073085,-0.19960547181704946,0.14091679303925453,-0.02526115550972996,-0.0016835665978742753,-0.009312611612411814,0.02130028358082825,-0.005314110379552872
2024-10-10,-0.045694907272250784,-0.11103455456467026,-0.24868314684406334,-0.22094249638187002,0.6085198855354819,-0.00509036693468623,-0.02526115550972996,-0.0016835665978742753,0.00036200267691199883,0.013576697563710383
2024-10-11,0.2559415943801695,-0.045694907272250784,-0.11103455456467026,-0.036589676034630925,-0.06582891784911693,0.035378479300394616,-0.00509036693468623,-0.02526115550972996,0.011672701842979194,-0.04015297045834387
2024-10-12,0.4691959825599208,0.2559415943801695,-0.045694907272250784,-0.06484190377073085,-0.10050642606253835,0.011906298431870965,0.035378479300394616,-0.00509036693468623,-0.009312611612411814,-0.0033625288629970385
2024-11-01,-0.027338211673047397,0.4691959825599208,0.2559415943801695,-0.24868314684406334,0.3547736107514101,-0.010490161236779372,0.011906298431870965,0.035378479300394616,-0.0016835665978742753,0.0020860852502089244
2024-11-02,-0.14095907787266682,-0.027338211673047397,0.4691959825599208,-0.11103455456467026,-0.19960547181704946,-0.002784362749448377,-0.010490161236779372,0.011906298431870965,-0.02526115550972996,0.02130028358082825
2024-11-03,0.4416638600789804,-0.14095907787266682,-0.027338211673047397,-0.045694907272250784,-0.22094249638187002,-0.007942586109962235,-0.002784362749448377,-0.010490161236779372,-0.00509036693468623,0.00036200267691199883
2024-11-04,-0.27541557544456907,0.4416638600789804,-0.14095907787266682,0.2559415943801695,-0.036589676034630925,-0.013615611435501052,-0.007942586109962235,-0.002784362749448377,0.035378479300394616,0.011672701842979194
2024-11-05,-0.2297776979074544,-0.27541557544456907,0.4416638600789804,0.4691959825599208,-0.06484190377073085,0.022572112527798893,-0.013615611435501052,-0.007942586109962235,0.011906298431870965,-0.009312611612411814
2024-11-06,-0.042851567639136334,-0.2297776979074544,-0.27541557544456907,-0.027338211673047397,-0.24868314684406334,0.08666903133456749,0.022572112527798893,-0.013615611435501052,-0.010490161236779372,-0.0016835665978742753
2024-11-07,-0.07737065551580602,-0.042851567639136334,-0.2297776979074544,-0.14095907787266682,-0.11103455456467026,0.0035076496872470386,0.08666903133456749,0.022572112527798893,-0.002784362749448377,-0.02526115550972996
2024-11-08,-0.2725215522288711,-0.07737065551580602,-0.042851567639136334,0.4416638600789804,-0.045694907272250784,0.008404323240783995,0.0035076496872470386,0.08666903133456749,-0.007942586109962235,-0.00509036693468623
2024-11-09,-0.07016487808204763,-0.2725215522288711,-0.07737065551580602,-0.27541557544456907,0.2559415943801695,0.003044406446557346,0.008404323240783995,0.0035076496872470386,-0.013615611435501052,0.035378479300394616
2024-11-10,-0.005714931011330027,-0.07016487808204763,-0.2725215522288711,-0.2297776979074544,0.4691959825599208,0.04700704533928324,0.003044406446557346,0.008404323240783995,0.022572112527798893,0.011906298431870965
2024-11-11,0.31496149262289963,-0.005714931011330027,-0.07016487808204763,-0.042851567639136334,-0.027338211673047397,0.09734014318133077,0.04700704533928324,0.003044406446557346,0.08666903133456749,-0.010490161236779372
2024-11-12,0.4556406962547932,0.31496149262289963,-0.005714931011330027,-0.07737065551580602,-0.14095907787266682,-0.008442066325475395,0.09734014318133077,0.04700704533928324,0.0035076496872470386,-0.002784362749448377
2024-12-01,-0.1738849923195649,0.4556406962547932,0.31496149262289963,-0.2725215522288711,0.4416638600789804,0.008576311568671002,-0.008442066325475395,0.09734014318133077,0.008404323240783995,-0.007942586109962235
2024-12-02,-0.02993260906764461,-0.1738849923195649,0.4556406962547932,-0.07016487808204763,-0.27541557544456907,-0.01464711974658428,0.008576311568671002,-0.008442066325475395,0.003044406446557346,-0.013615611435501052
2024-12-03,0.3785644676278881,-0.02993260906764461,-0.1738849923195649,-0.005714931011330027,-0.2297776979074544,0.0014266034164407415,-0.01464711974658428,0.008576311568671002,0.04700704533928324,0.022572112527798893
2024-12-04,-0.3929574186316296,0.3785644676278881,-0.02993260906764461,0.31496149262289963,-0.042851567639136334,0.028408310898047517,0.0014266034164407415,-0.01464711974658428,0.09734014318133077,0.08666903133456749
2024-12-05,-0.08961897640953942,-0.3929574186316296,0.3785644676278881,0.4556406962547932,-0.07737065551580602,-0.022266865338103514,0.028408310898047517,0.0014266034164407415,-0.008442066325475395,0.0035076496872470386
2024-12-06,0.01816200504550536,-0.08961897640953942,-0.3929574186316296,-0.1738849923195649,-0.2725215522288711,0.03386480181871043,-0.022266865338103514,0.028408310898047517,0.008576311568671002,0.008404323240783995
2024-12-07,-0.10015571304546023,0.01816200504550536,-0.08961897640953942,-0.02993260906764461,-0.07016487808204763,2.627048482217731e-05,0.03386480181871043,-0.022266865338103514,-0.01464711974658428,0.003044406446557346
2024-12-08,-0.2848747097002895,-0.10015571304546023,0.01816200504550536,0.3785644676278881,-0.005714931011330027,0.013051327547774605,2.627048482217731e-05,0.03386480181871043,0.0014266034164407415,0.04700704533928324
2024-12-09,-0.06636344721750476,-0.2848747097002895,-0.10015571304546023,-0.3929574186316296,0.31496149262289963,-0.03829250321926558,0.013051327547774605,2.627048482217731e-05,0.028408310898047517,0.09734014318133077
2024-12-10,-0.019996010316755797,-0.06636344721750476,-0.2848747097002895,-0.08961897640953942,0.4556406962547932,-0.007802793528128404,-0.03829250321926558,0.013051327547774605,-0.022266865338103514,-0.008442066325475395
2024-12-11,0.23723159454326592,-0.019996010316755797,-0.06636344721750476,0.01816200504550536,-0.1738849923195649,0.04547295003910712,-0.007802793528128404,-0.03829250321926558,0.03386480181871043,0.008576311568671002
2024-12-12,0.5301710383823004,0.23723159454326592,-0.019996010316755797,-0.10015571304546023,-0.02993260906764461,-0.011232138643807232,0.04547295003910712,-0.007802793528128404,2.627048482217731e-05,-0.01464711974658428
2025-01-01,-0.2543758271639305,0.5301710383823004,0.23723159454326592,-0.2848747097002895,0.3785644676278881,0.010546386376953265,-0.011232138643807232,0.04547295003910712,0.013051327547774605,0.0014266034164407415
2025-01-02,-0.1713310351685391,-0.2543758271639305,0.5301710383823004,-0.06636344721750476,-0.3929574186316296,0.025793710720023455,0.010546386376953265,-0.011232138643807232,-0.03829250321926558,0.028408310898047517
2025-01-03,-0.2390687455429099,-0.1713310351685391,-0.2543758271639305,-0.019996010316755797,-0.08961897640953942,0.012519038778973979,0.025793710720023455,0.010546386376953265,-0.007802793528128404,-0.022266865338103514
2025-01-04,-0.11034108403552212,-0.2390687455429099,-0.1713310351685391,0.23723159454326592,0.01816200504550536,0.0013119536524275333,0.012519038778973979,0.025793710720023455,0.04547295003910712,0.03386480181871043
2025-01-05,0.0003114931520100672,-0.11034108403552212,-0.2390687455429099,0.5301710383823004,-0.10015571304546023,0.0008011590793497447,0.0013119536524275333,0.012519038778973979,-0.011232138643807232,2.627048482217731e-05
2025-01-06,-0.02728755445284703,0.0003114931520100672,-0.11034108403552212,-0.2543758271639305,-0.2848747097002895,0.03756185612402341,0.0008011590793497447,0.0013119536524275333,0.010546386376953265,0.013051327547774605
2025-01-07,-0.21323634207335052,-0.02728755445284703,0.0003114931520100672,-0.1713310351685391,-0.06636344721750476,-0.05182428255974081,0.03756185612402341,0.0008011590793497447,0.025793710720023455,-0.03829250321926558
2025-01-08,0.07865075627408658,-0.21323634207335052,-0.02728755445284703,-0.2390687455429099,-0.019996010316755797,-0.019578857721850085,-0.05182428255974081,0.03756185612402341,0.012519038778973979,-0.007802793528128404
2025-01-09,0.037740802745573454,0.07865075627408658,-0.21323634207335052,-0.11034108403552212,0.23723159454326592,-0.02729884923237158,-0.019578857721850085,-0.05182428255974081,0.0013119536524275333,0.04547295003910712
2025-01-10,0.11072737682640899,0.037740802745573454,0.07865075627408658,0.0003114931520100672,0.5301710383823004,0.023693265708988775,-0.02729884923237158,-0.019578857721850085,0.0008011590793497447,-0.011232138643807232
2025-02-01,0.5536433954993947,0.11072737682640899,0.037740802745573454,-0.02728755445284703,-0.2543758271639305,-0.017227936108895392,0.023693265708988775,-0.02729884923237158,0.03756185612402341,0.010546386376953265
2025-02-02,-0.3311014218144548,0.5536433954993947,0.11072737682640899,-0.21323634207335052,-0.1713310351685391,-0.029919108728881483,-0.017227936108895392,0.023693265708988775,-0.05182428255974081,0.025793710720023455
2025-02-03,0.00936115381242586,-0.3311014218144548,0.5536433954993947,0.07865075627408658,-0.2390687455429099,0.03733783693677317,-0.029919108728881483,-0.017227936108895392,-0.019578857721850085,0.012519038778973979
2025-02-04,-0.26939129357612623,0.00936115381242586,-0.3311014218144548,0.037740802745573454,-0.11034108403552212,-0.03546789361269731,0.03733783693677317,-0.029919108728881483,-0.02729884923237158,0.0013119536524275333
2025-02-05,0.04767681500012522,-0.26939129357612623,0.00936115381242586,0.11072737682640899,0.0003114931520100672,-0.012920048754086366,-0.03546789361269731,0.03733783693677317,0.023693265708988775,0.0008011590793497447
2025-02-06,-0.004301273447163911,0.04767681500012522,-0.26939129357612623,0.5536433954993947,-0.02728755445284703,-0.00022926944035717156,-0.012920048754086366,-0.03546789361269731,-0.017227936108895392,0.03756185612402341
2025-02-07,-0.1572820031676072,-0.004301273447163911,0.04767681500012522,-0.3311014218144548,-0.21323634207335052,-0.0006649766995252548,-0.00022926944035717156,-0.012920048754086366,-0.029919108728881483,-0.05182428255974081
2025-02-08,-0.010090800037626302,-0.1572820031676072,-0.004301273447163911,0.00936115381242586,0.07865075627408658,-0.000483212673524136,-0.0006649766995252548,-0.00022926944035717156,0.03733783693677317,-0.019578857721850085
2025-02-09,0.08483327786728045,-0.010090800037626302,-0.1572820031676072,-0.26939129357612623,0.037740802745573454,0.00018282088545795716,-0.000483212673524136,-0.0006649766995252548,-0.03546789361269731,-0.02729884923237158
2025-02-10,0.12121269086181052,0.08483327786728045,-0.010090800037626302,0.04767681500012522,0.11072737682640899,0.009667728253651475,0.00018282088545795716,-0.000483212673524136,-0.012920048754086366,0.023693265708988775
2025-03-01,0.5866866638875654,0.12121269086181052,0.08483327786728045,-0.004301273447163911,0.5536433954993947,0.01947078336298702,0.009667728253651475,0.00018282088545795716,-0.00022926944035717156,-0.017227936108895392
2025-03-02,-0.4014267656291086,0.5866866638875654,0.12121269086181052,-0.1572820031676072,-0.3311014218144548,0.0912150149593991,0.01947078336298702,0.009667728253651475,-0.0006649766995252548,-0.029919108728881483
2025-03-03,-0.1476916714804457,-0.4014267656291086,0.5866866638875654,-0.010090800037626302,0.00936115381242586,-0.090822704744836,0.0912150149593991,0.01947078336298702,-0.000483212673524136,0.03733783693677317
2025-03-04,-0.0991282364455206,-0.1476916714804457,-0.4014267656291086,0.08483327786728045,-0.26939129357612623,0.013348200547614653,-0.090822704744836,0.0912150149593991,0.00018282088545795716,-0.03546789361269731
2025-03-05,-0.0045091009938929005,-0.0991282364455206,-0.1476916714804457,0.12121269086181052,0.04767681500012522,0.038255419081698605,0.013348200547614653,-0.090822704744836,0.009667728253651475,-0.012920048754086366
2025-03-06,0.026332526630524322,-0.0045091009938929005,-0.0991282364455206,0.5866866638875654,-0.004301273447163911,-0.007329931543115009,0.038255419081698605,0.013348200547614653,0.01947078336298702,-0.00022926944035717156
2025-03-07,-0.1568878676155694,0.026332526630524322,-0.0045091009938929005,-0.4014267656291086,-0.1572820031676072,-0.036438378183879294,-0.007329931543115009,0.038255419081698605,0.0912150149593991,-0.0006649766995252548
2025-03-08,0.017977964291967297,-0.1568878676155694,0.026332526630524322,-0.1476916714804457,-0.010090800037626302,-0.006802657007762392,-0.036438378183879294,-0.007329931543115009,-0.090822704744836,-0.000483212673524136
2025-03-09,0.06977254952755474,0.017977964291967297,-0.1568878676155694,-0.0991282364455206,0.08483327786728045,-0.06663174325255028,-0.006802657007762392,-0.036438378183879294,0.013348200547614653,0.00018282088545795716
2025-03-10,0.11149279637649379,0.06977254952755474,0.017977964291967297,-0.0045091009938929005,0.12121269086181052,-0.026005355956259635,-0.06663174325255028,-0.006802657007762392,0.038255419081698605,0.009667728253651475
2025-04-01,0.57589333989344,0.11149279637649379,0.06977254952755474,0.026332526630524322,0.5866866638875654,0.031248520620559717,-0.026005355956259635,-0.06663174325255028,-0.007329931543115009,0.01947078336298702
2025-04-02,-0.48099986017375795,0.57589333989344,0.11149279637649379,-0.1568878676155694,-0.4014267656291086,-0.03201445835138372,0.031248520620559717,-0.026005355956259635,-0.036438378183879294,0.0912150149593991
2025-04-03,-0.09300411033628309,-0.48099986017375795,0.57589333989344,0.017977964291967297,-0.1476916714804457,0.007453656521899887,-0.03201445835138372,0.031248520620559717,-0.006802657007762392,-0.090822704744836
2025-04-04,-0.07070821919934556,-0.09300411033628309,-0.48099986017375795,0.06977254952755474,-0.0991282364455206,0.008876865776157317,0.007453656521899887,-0.03201445835138372,-0.06663174325255028,0.013348200547614653
2025-04-05,-0.028184366293879437,-0.07070821919934556,-0.09300411033628309,0.11149279637649379,-0.0045091009938929005,-0.004051522039015154,0.008876865776157317,0.007453656521899887,-0.026005355956259635,0.038255419081698605
2025-04-06,0.02439382026862913,-0.028184366293879437,-0.07070821919934556,0.57589333989344,0.026332526630524322,-0.06544922522104457,-0.004051522039015154,0.008876865776157317,0.031248520620559717,-0.007329931543115009
2025-04-07,-0.17942834104263672,0.02439382026862913,-0.028184366293879437,-0.48099986017375795,-0.1568878676155694,0.012967507528422573,-0.06544922522104457,-0.004051522039015154,-0.03201445835138372,-0.036438378183879294
2025-04-08,0.1024440987477826,-0.17942834104263672,0.02439382026862913,-0.09300411033628309,0.017977964291967297,-0.03811707622774563,0.012967507528422573,-0.06544922522104457,0.007453656521899887,-0.006802657007762392
2025-04-09,0.012491825947925861,0.1024440987477826,-0.17942834104263672,-0.07070821919934556,0.06977254952755474,0.07938900943737792,-0.03811707622774563,0.012967507528422573,0.008876865776157317,-0.06663174325255028
2025-04-10,0.10924656256321352,0.012491825947925861,0.1024440987477826,-0.028184366293879437,0.11149279637649379,-0.03635185457516421,0.07938900943737792,-0.03811707622774563,-0.004051522039015154,-0.026005355956259635
2025-05-01,0.6030629196436925,0.10924656256321352,0.012491825947925861,0.02439382026862913,0.57589333989344,0.02396577892209706,-0.03635185457516421,0.07938900943737792,-0.06544922522104457,0.031248520620559717
2025-05-02,-0.4925094018087439,0.6030629196436925,0.10924656256321352,-0.17942834104263672,-0.48099986017375795,0.004319853384616934,0.02396577892209706,-0.03635185457516421,0.012967507528422573,-0.03201445835138372
2025-05-03,-0.03531489534389198,-0.4925094018087439,0.6030629196436925,0.1024440987477826,-0.09300411033628309,-0.010562998302962257,0.004319853384616934,0.02396577892209706,-0.03811707622774563,0.007453656521899887
2025-05-04,-0.13531161892128507,-0.03531489534389198,-0.4925094018087439,0.012491825947925861,-0.07070821919934556,-0.016569841979215738,-0.010562998302962257,0.004319853384616934,0.07938900943737792,0.008876865776157317
2025-05-05,-0.009593864505493821,-0.13531161892128507,-0.03531489534389198,0.10924656256321352,-0.028184366293879437,0.004570714792979658,-0.016569841979215738,-0.010562998302962257,-0.03635185457516421,-0.004051522039015154
2025-05-06,-0.02390497329047614,-0.009593864505493821,-0.13531161892128507,0.6030629196436925,0.02439382026862913,0.021451265477260506,0.004570714792979658,-0.016569841979215738,0.02396577892209706,-0.06544922522104457
2025-05-07,-0.13121033922937086,-0.02390497329047614,-0.009593864505493821,-0.4925094018087439,-0.17942834104263672,0.0023715438242852827,0.021451265477260506,0.004570714792979658,0.004319853384616934,0.012967507528422573
2025-05-08,0.07546396498257035,-0.13121033922937086,-0.02390497329047614,-0.03531489534389198,0.1024440987477826,0.06202640319628294,0.0023715438242852827,0.021451265477260506,-0.010562998302962257,-0.03811707622774563
2025-05-09,0.05644396597041612,0.07546396498257035,-0.13121033922937086,-0.13531161892128507,0.012491825947925861,-0.0026245712688766076,0.06202640319628294,0.0023715438242852827,-0.016569841979215738,0.07938900943737792
2025-05-10,0.07711386249998853,0.05644396597041612,0.07546396498257035,-0.009593864505493821,0.10924656256321352,0.01661809257890212,-0.0026245712688766076,0.06202640319628294,0.004570714792979658,-0.03635185457516421
2025-06-01,0.6301612841932207,0.07711386249998853,0.05644396597041612,-0.02390497329047614,0.6030629196436925,0.009643965160922363,0.01661809257890212,-0.0026245712688766076,0.021451265477260506,0.02396577892209706
2025-06-02,-0.5473735285648094,0.6301612841932207,0.07711386249998853,-0.13121033922937086,-0.4925094018087439,0.002169203892721683,0.009643965160922363,0.01661809257890212,0.0023715438242852827,0.004319853384616934
2025-06-03,-0.013121565167147242,-0.5473735285648094,0.6301612841932207,0.07546396498257035,-0.03531489534389198,-0.004250198053918908,0.002169203892721683,0.009643965160922363,0.06202640319628294,-0.010562998302962257
2025-06-04,-0.18724483617740417,-0.013121565167147242,-0.5473735285648094,0.05644396597041612,-0.13531161892128507,-0.006666084423562424,-0.004250198053918908,0.002169203892721683,-0.0026245712688766076,-0.016569841979215738
2025-06-05,0.07603436988710022,-0.18724483617740417,-0.013121565167147242,0.07711386249998853,-0.009593864505493821,-0.03059773233186469,-0.006666084423562424,-0.004250198053918908,0.01661809257890212,0.004570714792979658
2025-06-06,-0.019561011048875088,0.07603436988710022,-0.18724483617740417,0.6301612841932207,-0.02390497329047614,0.027330353789553286,-0.03059773233186469,-0.006666084423562424,0.009643965160922363,0.021451265477260506
2025-06-07,-0.136043098996101,-0.019561011048875088,0.07603436988710022,-0.5473735285648094,-0.13121033922937086,0.011669145508022893,0.027330353789553286,-0.03059773233186469,0.002169203892721683,0.0023715438242852827
2025-06-08,0.07874242632731865,-0.136043098996101,-0.019561011048875088,-0.013121565167147242,0.07546396498257035,0.0016841592539016403,0.011669145508022893,0.027330353789553286,-0.004250198053918908,0.06202640319628294
2025-06-09,0.04032185198093141,0.07874242632731865,-0.136043098996101,-0.18724483617740417,0.05644396597041612,0.04165996525933302,0.0016841592539016403,0.011669145508022893,-0.006666084423562424,-0.0026245712688766076
2025-06-10,0.13716593043298264,0.04032185198093141,0.07874242632731865,0.07603436988710022,0.07711386249998853,-0.0003343185401831761,0.04165996525933302,0.0016841592539016403,-0.03059773233186469,0.01661809257890212
2025-07-01,0.46932071965481104,0.13716593043298264,0.04032185198093141,-0.019561011048875088,0.6301612841932207,-0.013504224170661772,-0.0003343185401831761,0.04165996525933302,0.027330353789553286,0.009643965160922363
2025-07-02,-0.42415931746569613,0.46932071965481104,0.13716593043298264,-0.136043098996101,-0.5473735285648094,0.029467776613484986,-0.013504224170661772,-0.0003343185401831761,0.011669145508022893,0.002169203892721683
2025-07-03,-0.041561544951426166,-0.42415931746569613,0.46932071965481104,0.07874242632731865,-0.013121565167147242,0.00721861224607423,0.029467776613484986,-0.013504224170661772,0.0016841592539016403,-0.004250198053918908
2025-07-04,-0.2037994130486369,-0.041561544951426166,-0.42415931746569613,0.04032185198093141,-0.18724483617740417,-0.014825919836484402,0.00721861224607423,0.029467776613484986,0.04165996525933302,-0.006666084423562424
2025-07-05,0.09946456290999084,-0.2037994130486369,-0.041561544951426166,0.13716593043298264,0.07603436988710022,0.0018203905861984282,-0.014825919836484402,0.00721861224607423,-0.0003343185401831761,-0.03059773233186469
2025-07-06,0.015351864534339121,0.09946456290999084,-0.2037994130486369,0.46932071965481104,-0.019561011048875088,0.009205212077041836,0.0018203905861984282,-0.014825919836484402,-0.013504224170661772,0.027330353789553286
2025-07-07,-0.17852215142706163,0.015351864534339121,0.09946456290999084,-0.42415931746569613,-0.136043098996101,-0.008570920521783876,0.009205212077041836,0.0018203905861984282,0.029467776613484986,0.011669145508022893
2025-07-08,0.1366872555409735,-0.17852215142706163,0.015351864534339121,-0.041561544951426166,0.07874242632731865,0.005987787057234684,-0.008570920521783876,0.009205212077041836,0.00721861224607423,0.0016841592539016403
2025-07-09,0.03346552719314588,0.1366872555409735,-0.17852215142706163,-0.2037994130486369,0.04032185198093141,0.021576245731356636,0.005987787057234684,-0.008570920521783876,-0.014825919836484402,0.04165996525933302
2025-07-10,0.03715588020086691,0.03346552719314588,0.1366872555409735,0.09946456290999084,0.13716593043298264,0.04101205039060396,0.021576245731356636,0.005987787057234684,0.0018203905861984282,-0.0003343185401831761
2025-08-01,0.4890395529166094,0.03715588020086691,0.03346552719314588,0.015351864534339121,0.46932071965481104,-0.02128712657733267,0.04101205039060396,0.021576245731356636,0.009205212077041836,-0.013504224170661772
2025-08-02,-0.3540660985910473,0.4890395529166094,0.03715588020086691,-0.17852215142706163,-0.42415931746569613,-0.007024003515940791,-0.02128712657733267,0.04101205039060396,-0.008570920521783876,0.029467776613484986
2025-08-03,-0.10099953788255256,-0.3540660985910473,0.4890395529166094,0.1366872555409735,-0.041561544951426166,0.01491360095755212,-0.007024003515940791,-0.02128712657733267,0.005987787057234684,0.00721861224607423
2025-08-04,-0.24063491987133068,-0.10099953788255256,-0.3540660985910473,0.03346552719314588,-0.2037994130486369,0.007450970481816199,0.01491360095755212,-0.007024003515940791,0.021576245731356636,-0.014825919836484402
2025-08-05,0.2755873899376384,-0.24063491987133068,-0.10099953788255256,0.03715588020086691,0.09946456290999084,-0.008118573367706716,0.007450970481816199,0.01491360095755212,0.04101205039060396,0.0018203905861984282
2025-08-06,-0.0986146740678413,0.2755873899376384,-0.24063491987133068,0.4890395529166094,0.015351864534339121,0.007737149439991597,-0.008118573367706716,0.007450970481816199,-0.02128712657733267,0.009205212077041836
2025-08-07,-0.15450808230994917,-0.0986146740678413,0.2755873899376384,-0.3540660985910473,-0.17852215142706163,0.02123635965197579,0.007737149439991597,-0.008118573367706716,-0.007024003515940791,-0.008570920521783876
2025-08-08,0.14287544805070862,-0.15450808230994917,-0.0986146740678413,-0.10099953788255256,0.1366872555409735,-0.006902003556209735,0.02123635965197579,0.007737149439991597,0.01491360095755212,0.005987787057234684
2025-08-09,0.01665775680320758,0.14287544805070862,-0.15450808230994917,-0.24063491987133068,0.03346552719314588,-0.0016155751043260835,-0.006902003556209735,0.02123635965197579,0.007450970481816199,0.021576245731356636
2025-08-10,0.037020901709815535,0.01665775680320758,0.14287544805070862,0.2755873899376384,0.03715588020086691,0.023803614951726004,-0.0016155751043260835,-0.006902003556209735,-0.008118573367706716,0.04101205039060396
2025-09-01,0.4460660015714346,0.037020901709815535,0.01665775680320758,-0.0986146740678413,0.4890395529166094,0.009323672903104097,0.023803614951726004,-0.0016155751043260835,0.007737149439991597,-0.02128712657733267
2025-09-02,-0.3177701001245292,0.4460660015714346,0.037020901709815535,-0.15450808230994917,-0.3540660985910473,0.017691381486288904,0.009323672903104097,0.023803614951726004,0.02123635965197579,-0.007024003515940791
2025-09-03,-0.17241571837945435,-0.3177701001245292,0.4460660015714346,0.14287544805070862,-0.10099953788255256,0.004688830577983083,0.017691381486288904,0.009323672903104097,-0.006902003556209735,0.01491360095755212
2025-09-04,-0.09859706622202591,-0.17241571837945435,-0.3177701001245292,0.01665775680320758,-0.24063491987133068,-0.008987461023435728,0.004688830577983083,0.017691381486288904,-0.0016155751043260835,0.007450970481816199
2025-09-05,0.2752841593781885,-0.09859706622202591,-0.17241571837945435,0.037020901709815535,0.2755873899376384,-0.0006560572639955353,-0.008987461023435728,0.004688830577983083,0.023803614951726004,-0.008118573367706716
2025-09-06,-0.1421080478568031,0.2752841593781885,-0.09859706622202591,0.4460660015714346,-0.0986146740678413,-0.0038599960835217217,-0.0006560572639955353,-0.008987461023435728,0.009323672903104097,0.007737149439991597
2025-09-07,-0.13883845550922835,-0.1421080478568031,0.2752841593781885,-0.3177701001245292,-0.15450808230994917,0.008518160281226983,-0.0038599960835217217,-0.0006560572639955353,0.017691381486288904,0.02123635965197579
2025-09-08,0.1343165271210034,-0.13883845550922835,-0.1421080478568031,-0.17241571837945435,0.14287544805070862,0.008097306012132321,0.008518160281226983,-0.0038599960835217217,0.004688830577983083,-0.006902003556209735
2025-09-09,-4.147391377218312e-06,0.1343165271210034,-0.13883845550922835,-0.09859706622202591,0.01665775680320758,-0.0048379165800813695,0.008097306012132321,0.008518160281226983,-0.008987461023435728,-0.0016155751043260835
2025-09-10,-0.015562741473568176,-4.147391377218312e-06,0.1343165271210034,0.2752841593781885,0.037020901709815535,0.02150827088705043,-0.0048379165800813695,0.008097306012132321,-0.0006560572639955353,0.023803614951726004
2025-10-01,0.5025818597731786,-0.015562741473568176,-4.147391377218312e-06,-0.1421080478568031,0.4460660015714346,0.039478653201932445,0.02150827088705043,-0.0048379165800813695,-0.0038599960835217217,0.009323672903104097
2025-10-02,-0.3303375331566982,0.5025818597731786,-0.015562741473568176,-0.13883845550922835,-0.3177701001245292,0.016983874649664443,0.039478653201932445,0.02150827088705043,0.008518160281226983,0.017691381486288904
2025-10-03,-0.22128959300499673,-0.3303375331566982,0.5025818597731786,0.1343165271210034,-0.17241571837945435,0.013050507728948446,0.016983874649664443,0.039478653201932445,0.008097306012132321,0.004688830577983083
2025-10-04,-0.11394920480420745,-0.22128959300499673,-0.3303375331566982,-4.147391377218312e-06,-0.09859706622202591,0.0012987629155141178,0.013050507728948446,0.016983874649664443,-0.0048379165800813695,-0.008987461023435728
2025-10-05,0.42801392937784355,-0.11394920480420745,-0.22128959300499673,-0.015562741473568176,0.2752841593781885,0.008848164895592703,0.0012987629155141178,0.013050507728948446,0.02150827088705043,-0.0006560572639955353
2025-10-06,-0.21441054657923164,0.42801392937784355,-0.11394920480420745,0.5025818597731786,-0.1421080478568031,0.009981753025895657,0.008848164895592703,0.0012987629155141178,0.039478653201932445,-0.0038599960835217217
2025-10-07,-0.09878833131481146,-0.21441054657923164,0.42801392937784355,-0.3303375331566982,-0.13883845550922835,-0.026817984268914685,0.009981753025895657,0.008848164895592703,0.016983874649664443,0.008518160281226983
2025-10-08,0.04530732297681217,-0.09878833131481146,-0.21441054657923164,-0.22128959300499673,0.1343165271210034,0.015551259509642534,-0.026817984268914685,0.009981753025895657,0.013050507728948446,0.008097306012132321
2025-10-09,0.03630752193192999,0.04530732297681217,-0.09878833131481146,-0.11394920480420745,-4.147391377218312e-06,-0.013460402776503955,0.015551259509642534,-0.026817984268914685,0.0012987629155141178,-0.0048379165800813695
2025-10-10,-0.3523246326717351,0.03630752193192999,0.04530732297681217,0.42801392937784355,-0.015562741473568176,-0.07232182142846,-0.013460402776503955,0.015551259509642534,0.008848164895592703,0.02150827088705043
